bay,pH,EC
201,6.3,2.9
201,6.3,2.9
201,6.3,2.9
201,6.3,2.9
201,6.3,2.9
201,6.3,2.9
201,6.3,2.9
201,6.3,2.9
201,6.3,2.9
201,6.3,2.9
201,6.3,2.9
201,6.3,2.9
201,6.3,2.9
201,6.3,2.9
201,6.3,2.9
201,6.3,2.9
201,6.3,2.9
201,6.3,2.9
202,5.8,2.5
202,5.8,2.5
202,5.8,2.5
202,5.8,2.5
202,5.8,2.5
202,5.8,2.5
202,5.8,2.5
202,5.8,2.5
202,5.8,2.5
202,5.8,2.5
202,5.8,2.5
202,5.8,2.5
202,5.8,2.5
202,5.8,2.5
202,5.8,2.5
202,5.8,2.5
202,5.8,2.5
202,5.8,2.5
203,6.2,2.6
203,6.2,2.6
203,6.2,2.6
203,6.2,2.6
203,6.2,2.6
203,6.2,2.6
203,6.2,2.6
203,6.2,2.6
203,6.2,2.6
203,6.2,2.6
203,6.2,2.6
203,6.2,2.6
203,6.2,2.6
203,6.2,2.6
203,6.2,2.6
203,6.2,2.6
203,6.2,2.6
203,6.2,2.6
204,5.5,2.3
204,5.5,2.3
204,5.5,2.3
204,5.5,2.3
204,5.5,2.3
204,5.5,2.3
204,5.5,2.3
204,5.5,2.3
204,5.5,2.3
204,5.5,2.3
204,5.5,2.3
204,5.5,2.3
204,5.5,2.3
204,5.5,2.3
204,5.5,2.3
204,5.5,2.3
204,5.5,2.3
204,5.5,2.3
205,6.4,2.5
205,6.4,2.5
205,6.4,2.5
205,6.4,2.5
205,6.4,2.5
205,6.4,2.5
205,6.4,2.5
205,6.4,2.5
205,6.4,2.5
205,6.4,2.5
205,6.4,2.5
205,6.4,2.5
205,6.4,2.5
205,6.4,2.5
205,6.4,2.5
205,6.4,2.5
205,6.4,2.5
205,6.4,2.5
206,6.7,2.2
206,6.7,2.2
206,6.7,2.2
206,6.7,2.2
206,6.7,2.2
206,6.7,2.2
206,6.7,2.2
206,6.7,2.2
206,6.7,2.2
206,6.7,2.2
206,6.7,2.2
206,6.7,2.2
206,6.7,2.2
206,6.7,2.2
206,6.7,2.2
206,6.7,2.2
206,6.7,2.2
206,6.7,2.2
207,6.6,2.3
207,6.6,2.3
207,6.6,2.3
207,6.6,2.3
207,6.6,2.3
207,6.6,2.3
207,6.6,2.3
207,6.6,2.3
207,6.6,2.3
207,6.6,2.3
207,6.6,2.3
207,6.6,2.3
207,6.6,2.3
207,6.6,2.3
207,6.6,2.3
207,6.6,2.3
207,6.6,2.3
207,6.6,2.3
208,6.3,2.4
208,6.3,2.4
208,6.3,2.4
208,6.3,2.4
208,6.3,2.4
208,6.3,2.4
208,6.3,2.4
208,6.3,2.4
208,6.3,2.4
208,6.3,2.4
208,6.3,2.4
208,6.3,2.4
208,6.3,2.4
208,6.3,2.4
208,6.3,2.4
208,6.3,2.4
208,6.3,2.4
208,6.3,2.4
209,6.7,2.2
209,6.7,2.2
209,6.7,2.2
209,6.7,2.2
209,6.7,2.2
209,6.7,2.2
209,6.7,2.2
209,6.7,2.2
209,6.7,2.2
209,6.7,2.2
209,6.7,2.2
209,6.7,2.2
209,6.7,2.2
209,6.7,2.2
209,6.7,2.2
209,6.7,2.2
209,6.7,2.2
209,6.7,2.2
210,6.7,2.5
210,6.7,2.5
210,6.7,2.5
210,6.7,2.5
210,6.7,2.5
210,6.7,2.5
210,6.7,2.5
210,6.7,2.5
210,6.7,2.5
210,6.7,2.5
210,6.7,2.5
210,6.7,2.5
210,6.7,2.5
210,6.7,2.5
210,6.7,2.5
210,6.7,2.5
210,6.7,2.5
210,6.7,2.5
201,6.7,2.8
201,6.7,2.8
201,6.7,2.8
201,6.7,2.8
201,6.7,2.8
201,6.7,2.8
201,6.7,2.8
201,6.7,2.8
201,6.7,2.8
201,6.7,2.8
201,6.7,2.8
201,6.7,2.8
201,6.7,2.8
201,6.7,2.8
201,6.7,2.8
201,6.7,2.8
201,6.7,2.8
201,6.7,2.8
202,6.8,2.5
202,6.8,2.5
202,6.8,2.5
202,6.8,2.5
202,6.8,2.5
202,6.8,2.5
202,6.8,2.5
202,6.8,2.5
202,6.8,2.5
202,6.8,2.5
202,6.8,2.5
202,6.8,2.5
202,6.8,2.5
202,6.8,2.5
202,6.8,2.5
202,6.8,2.5
202,6.8,2.5
202,6.8,2.5
203,6.8,2.7
203,6.8,2.7
203,6.8,2.7
203,6.8,2.7
203,6.8,2.7
203,6.8,2.7
203,6.8,2.7
203,6.8,2.7
203,6.8,2.7
203,6.8,2.7
203,6.8,2.7
203,6.8,2.7
203,6.8,2.7
203,6.8,2.7
203,6.8,2.7
203,6.8,2.7
203,6.8,2.7
203,6.8,2.7
204,6.9,2.5
204,6.9,2.5
204,6.9,2.5
204,6.9,2.5
204,6.9,2.5
204,6.9,2.5
204,6.9,2.5
204,6.9,2.5
204,6.9,2.5
204,6.9,2.5
204,6.9,2.5
204,6.9,2.5
204,6.9,2.5
204,6.9,2.5
204,6.9,2.5
204,6.9,2.5
204,6.9,2.5
204,6.9,2.5
205,6.9,2.5
205,6.9,2.5
205,6.9,2.5
205,6.9,2.5
205,6.9,2.5
205,6.9,2.5
205,6.9,2.5
205,6.9,2.5
205,6.9,2.5
205,6.9,2.5
205,6.9,2.5
205,6.9,2.5
205,6.9,2.5
205,6.9,2.5
205,6.9,2.5
205,6.9,2.5
205,6.9,2.5
205,6.9,2.5
206,7,2.3
206,7,2.3
206,7,2.3
206,7,2.3
206,7,2.3
206,7,2.3
206,7,2.3
206,7,2.3
206,7,2.3
206,7,2.3
206,7,2.3
206,7,2.3
206,7,2.3
206,7,2.3
206,7,2.3
206,7,2.3
206,7,2.3
206,7,2.3
207,7,2.4
207,7,2.4
207,7,2.4
207,7,2.4
207,7,2.4
207,7,2.4
207,7,2.4
207,7,2.4
207,7,2.4
207,7,2.4
207,7,2.4
207,7,2.4
207,7,2.4
207,7,2.4
207,7,2.4
207,7,2.4
207,7,2.4
207,7,2.4
208,6.9,2.4
208,6.9,2.4
208,6.9,2.4
208,6.9,2.4
208,6.9,2.4
208,6.9,2.4
208,6.9,2.4
208,6.9,2.4
208,6.9,2.4
208,6.9,2.4
208,6.9,2.4
208,6.9,2.4
208,6.9,2.4
208,6.9,2.4
208,6.9,2.4
208,6.9,2.4
208,6.9,2.4
208,6.9,2.4
209,7.3,1.9
209,7.3,1.9
209,7.3,1.9
209,7.3,1.9
209,7.3,1.9
209,7.3,1.9
209,7.3,1.9
209,7.3,1.9
209,7.3,1.9
209,7.3,1.9
209,7.3,1.9
209,7.3,1.9
209,7.3,1.9
209,7.3,1.9
209,7.3,1.9
209,7.3,1.9
209,7.3,1.9
209,7.3,1.9
210,6.9,2.5
210,6.9,2.5
210,6.9,2.5
210,6.9,2.5
210,6.9,2.5
210,6.9,2.5
210,6.9,2.5
210,6.9,2.5
210,6.9,2.5
210,6.9,2.5
210,6.9,2.5
210,6.9,2.5
210,6.9,2.5
210,6.9,2.5
210,6.9,2.5
210,6.9,2.5
210,6.9,2.5
210,6.9,2.5
201,6.7,2.8
201,6.7,2.8
201,6.7,2.8
201,6.7,2.8
201,6.7,2.8
201,6.7,2.8
201,6.7,2.8
201,6.7,2.8
201,6.7,2.8
201,6.7,2.8
201,6.7,2.8
201,6.7,2.8
201,6.7,2.8
201,6.7,2.8
201,6.7,2.8
201,6.7,2.8
201,6.7,2.8
201,6.7,2.8
202,6.8,2.5
202,6.8,2.5
202,6.8,2.5
202,6.8,2.5
202,6.8,2.5
202,6.8,2.5
202,6.8,2.5
202,6.8,2.5
202,6.8,2.5
202,6.8,2.5
202,6.8,2.5
202,6.8,2.5
202,6.8,2.5
202,6.8,2.5
202,6.8,2.5
202,6.8,2.5
202,6.8,2.5
202,6.8,2.5
203,6.8,2.7
203,6.8,2.7
203,6.8,2.7
203,6.8,2.7
203,6.8,2.7
203,6.8,2.7
203,6.8,2.7
203,6.8,2.7
203,6.8,2.7
203,6.8,2.7
203,6.8,2.7
203,6.8,2.7
203,6.8,2.7
203,6.8,2.7
203,6.8,2.7
203,6.8,2.7
203,6.8,2.7
203,6.8,2.7
204,7,2.4
204,7,2.4
204,7,2.4
204,7,2.4
204,7,2.4
204,7,2.4
204,7,2.4
204,7,2.4
204,7,2.4
204,7,2.4
204,7,2.4
204,7,2.4
204,7,2.4
204,7,2.4
204,7,2.4
204,7,2.4
204,7,2.4
204,7,2.4
205,6.9,2.5
205,6.9,2.5
205,6.9,2.5
205,6.9,2.5
205,6.9,2.5
205,6.9,2.5
205,6.9,2.5
205,6.9,2.5
205,6.9,2.5
205,6.9,2.5
205,6.9,2.5
205,6.9,2.5
205,6.9,2.5
205,6.9,2.5
205,6.9,2.5
205,6.9,2.5
205,6.9,2.5
205,6.9,2.5
206,7.1,2.3
206,7.1,2.3
206,7.1,2.3
206,7.1,2.3
206,7.1,2.3
206,7.1,2.3
206,7.1,2.3
206,7.1,2.3
206,7.1,2.3
206,7.1,2.3
206,7.1,2.3
206,7.1,2.3
206,7.1,2.3
206,7.1,2.3
206,7.1,2.3
206,7.1,2.3
206,7.1,2.3
206,7.1,2.3
207,7,2.4
207,7,2.4
207,7,2.4
207,7,2.4
207,7,2.4
207,7,2.4
207,7,2.4
207,7,2.4
207,7,2.4
207,7,2.4
207,7,2.4
207,7,2.4
207,7,2.4
207,7,2.4
207,7,2.4
207,7,2.4
207,7,2.4
207,7,2.4
208,7,2.4
208,7,2.4
208,7,2.4
208,7,2.4
208,7,2.4
208,7,2.4
208,7,2.4
208,7,2.4
208,7,2.4
208,7,2.4
208,7,2.4
208,7,2.4
208,7,2.4
208,7,2.4
208,7,2.4
208,7,2.4
208,7,2.4
208,7,2.4
209,7.2,1.8
209,7.2,1.8
209,7.2,1.8
209,7.2,1.8
209,7.2,1.8
209,7.2,1.8
209,7.2,1.8
209,7.2,1.8
209,7.2,1.8
209,7.2,1.8
209,7.2,1.8
209,7.2,1.8
209,7.2,1.8
209,7.2,1.8
209,7.2,1.8
209,7.2,1.8
209,7.2,1.8
209,7.2,1.8
210,6.9,2.4
210,6.9,2.4
210,6.9,2.4
210,6.9,2.4
210,6.9,2.4
210,6.9,2.4
210,6.9,2.4
210,6.9,2.4
210,6.9,2.4
210,6.9,2.4
210,6.9,2.4
210,6.9,2.4
210,6.9,2.4
210,6.9,2.4
210,6.9,2.4
210,6.9,2.4
210,6.9,2.4
210,6.9,2.4
201,6.6,2.9
201,6.6,2.9
201,6.6,2.9
201,6.6,2.9
201,6.6,2.9
201,6.6,2.9
201,6.6,2.9
201,6.6,2.9
201,6.6,2.9
201,6.6,2.9
201,6.6,2.9
201,6.6,2.9
201,6.6,2.9
201,6.6,2.9
201,6.6,2.9
201,6.6,2.9
201,6.6,2.9
201,6.6,2.9
202,6.8,2.6
202,6.8,2.6
202,6.8,2.6
202,6.8,2.6
202,6.8,2.6
202,6.8,2.6
202,6.8,2.6
202,6.8,2.6
202,6.8,2.6
202,6.8,2.6
202,6.8,2.6
202,6.8,2.6
202,6.8,2.6
202,6.8,2.6
202,6.8,2.6
202,6.8,2.6
202,6.8,2.6
202,6.8,2.6
203,6.7,2.8
203,6.7,2.8
203,6.7,2.8
203,6.7,2.8
203,6.7,2.8
203,6.7,2.8
203,6.7,2.8
203,6.7,2.8
203,6.7,2.8
203,6.7,2.8
203,6.7,2.8
203,6.7,2.8
203,6.7,2.8
203,6.7,2.8
203,6.7,2.8
203,6.7,2.8
203,6.7,2.8
203,6.7,2.8
204,6.9,2.4
204,6.9,2.4
204,6.9,2.4
204,6.9,2.4
204,6.9,2.4
204,6.9,2.4
204,6.9,2.4
204,6.9,2.4
204,6.9,2.4
204,6.9,2.4
204,6.9,2.4
204,6.9,2.4
204,6.9,2.4
204,6.9,2.4
204,6.9,2.4
204,6.9,2.4
204,6.9,2.4
204,6.9,2.4
205,6.9,2.5
205,6.9,2.5
205,6.9,2.5
205,6.9,2.5
205,6.9,2.5
205,6.9,2.5
205,6.9,2.5
205,6.9,2.5
205,6.9,2.5
205,6.9,2.5
205,6.9,2.5
205,6.9,2.5
205,6.9,2.5
205,6.9,2.5
205,6.9,2.5
205,6.9,2.5
205,6.9,2.5
205,6.9,2.5
206,7.1,2.3
206,7.1,2.3
206,7.1,2.3
206,7.1,2.3
206,7.1,2.3
206,7.1,2.3
206,7.1,2.3
206,7.1,2.3
206,7.1,2.3
206,7.1,2.3
206,7.1,2.3
206,7.1,2.3
206,7.1,2.3
206,7.1,2.3
206,7.1,2.3
206,7.1,2.3
206,7.1,2.3
206,7.1,2.3
207,7,2.3
207,7,2.3
207,7,2.3
207,7,2.3
207,7,2.3
207,7,2.3
207,7,2.3
207,7,2.3
207,7,2.3
207,7,2.3
207,7,2.3
207,7,2.3
207,7,2.3
207,7,2.3
207,7,2.3
207,7,2.3
207,7,2.3
207,7,2.3
208,7,2.4
208,7,2.4
208,7,2.4
208,7,2.4
208,7,2.4
208,7,2.4
208,7,2.4
208,7,2.4
208,7,2.4
208,7,2.4
208,7,2.4
208,7,2.4
208,7,2.4
208,7,2.4
208,7,2.4
208,7,2.4
208,7,2.4
208,7,2.4
209,7.3,1.9
209,7.3,1.9
209,7.3,1.9
209,7.3,1.9
209,7.3,1.9
209,7.3,1.9
209,7.3,1.9
209,7.3,1.9
209,7.3,1.9
209,7.3,1.9
209,7.3,1.9
209,7.3,1.9
209,7.3,1.9
209,7.3,1.9
209,7.3,1.9
209,7.3,1.9
209,7.3,1.9
209,7.3,1.9
210,6.9,2.5
210,6.9,2.5
210,6.9,2.5
210,6.9,2.5
210,6.9,2.5
210,6.9,2.5
210,6.9,2.5
210,6.9,2.5
210,6.9,2.5
210,6.9,2.5
210,6.9,2.5
210,6.9,2.5
210,6.9,2.5
210,6.9,2.5
210,6.9,2.5
210,6.9,2.5
210,6.9,2.5
210,6.9,2.5
201,6.6,2.9
201,6.6,2.9
201,6.6,2.9
201,6.6,2.9
201,6.6,2.9
201,6.6,2.9
201,6.6,2.9
201,6.6,2.9
201,6.6,2.9
201,6.6,2.9
201,6.6,2.9
201,6.6,2.9
201,6.6,2.9
201,6.6,2.9
201,6.6,2.9
201,6.6,2.9
201,6.6,2.9
201,6.6,2.9
202,6.9,2.5
202,6.9,2.5
202,6.9,2.5
202,6.9,2.5
202,6.9,2.5
202,6.9,2.5
202,6.9,2.5
202,6.9,2.5
202,6.9,2.5
202,6.9,2.5
202,6.9,2.5
202,6.9,2.5
202,6.9,2.5
202,6.9,2.5
202,6.9,2.5
202,6.9,2.5
202,6.9,2.5
202,6.9,2.5
203,6.8,2.7
203,6.8,2.7
203,6.8,2.7
203,6.8,2.7
203,6.8,2.7
203,6.8,2.7
203,6.8,2.7
203,6.8,2.7
203,6.8,2.7
203,6.8,2.7
203,6.8,2.7
203,6.8,2.7
203,6.8,2.7
203,6.8,2.7
203,6.8,2.7
203,6.8,2.7
203,6.8,2.7
203,6.8,2.7
204,6.9,2.4
204,6.9,2.4
204,6.9,2.4
204,6.9,2.4
204,6.9,2.4
204,6.9,2.4
204,6.9,2.4
204,6.9,2.4
204,6.9,2.4
204,6.9,2.4
204,6.9,2.4
204,6.9,2.4
204,6.9,2.4
204,6.9,2.4
204,6.9,2.4
204,6.9,2.4
204,6.9,2.4
204,6.9,2.4
205,6.8,2.5
205,6.8,2.5
205,6.8,2.5
205,6.8,2.5
205,6.8,2.5
205,6.8,2.5
205,6.8,2.5
205,6.8,2.5
205,6.8,2.5
205,6.8,2.5
205,6.8,2.5
205,6.8,2.5
205,6.8,2.5
205,6.8,2.5
205,6.8,2.5
205,6.8,2.5
205,6.8,2.5
205,6.8,2.5
206,7.1,2.2
206,7.1,2.2
206,7.1,2.2
206,7.1,2.2
206,7.1,2.2
206,7.1,2.2
206,7.1,2.2
206,7.1,2.2
206,7.1,2.2
206,7.1,2.2
206,7.1,2.2
206,7.1,2.2
206,7.1,2.2
206,7.1,2.2
206,7.1,2.2
206,7.1,2.2
206,7.1,2.2
206,7.1,2.2
207,7,2.4
207,7,2.4
207,7,2.4
207,7,2.4
207,7,2.4
207,7,2.4
207,7,2.4
207,7,2.4
207,7,2.4
207,7,2.4
207,7,2.4
207,7,2.4
207,7,2.4
207,7,2.4
207,7,2.4
207,7,2.4
207,7,2.4
207,7,2.4
208,6.9,2.4
208,6.9,2.4
208,6.9,2.4
208,6.9,2.4
208,6.9,2.4
208,6.9,2.4
208,6.9,2.4
208,6.9,2.4
208,6.9,2.4
208,6.9,2.4
208,6.9,2.4
208,6.9,2.4
208,6.9,2.4
208,6.9,2.4
208,6.9,2.4
208,6.9,2.4
208,6.9,2.4
208,6.9,2.4
209,7.3,1.9
209,7.3,1.9
209,7.3,1.9
209,7.3,1.9
209,7.3,1.9
209,7.3,1.9
209,7.3,1.9
209,7.3,1.9
209,7.3,1.9
209,7.3,1.9
209,7.3,1.9
209,7.3,1.9
209,7.3,1.9
209,7.3,1.9
209,7.3,1.9
209,7.3,1.9
209,7.3,1.9
209,7.3,1.9
210,6.9,2.5
210,6.9,2.5
210,6.9,2.5
210,6.9,2.5
210,6.9,2.5
210,6.9,2.5
210,6.9,2.5
210,6.9,2.5
210,6.9,2.5
210,6.9,2.5
210,6.9,2.5
210,6.9,2.5
210,6.9,2.5
210,6.9,2.5
210,6.9,2.5
210,6.9,2.5
210,6.9,2.5
210,6.9,2.5
201,6.5,2.9
201,6.5,2.9
201,6.5,2.9
201,6.5,2.9
201,6.5,2.9
201,6.5,2.9
201,6.5,2.9
201,6.5,2.9
201,6.5,2.9
201,6.5,2.9
201,6.5,2.9
201,6.5,2.9
201,6.5,2.9
201,6.5,2.9
201,6.5,2.9
201,6.5,2.9
201,6.5,2.9
201,6.5,2.9
202,6.8,2.6
202,6.8,2.6
202,6.8,2.6
202,6.8,2.6
202,6.8,2.6
202,6.8,2.6
202,6.8,2.6
202,6.8,2.6
202,6.8,2.6
202,6.8,2.6
202,6.8,2.6
202,6.8,2.6
202,6.8,2.6
202,6.8,2.6
202,6.8,2.6
202,6.8,2.6
202,6.8,2.6
202,6.8,2.6
203,6.7,2
203,6.7,2
203,6.7,2
203,6.7,2
203,6.7,2
203,6.7,2
203,6.7,2
203,6.7,2
203,6.7,2
203,6.7,2
203,6.7,2
203,6.7,2
203,6.7,2
203,6.7,2
203,6.7,2
203,6.7,2
203,6.7,2
203,6.7,2
204,6.9,2.4
204,6.9,2.4
204,6.9,2.4
204,6.9,2.4
204,6.9,2.4
204,6.9,2.4
204,6.9,2.4
204,6.9,2.4
204,6.9,2.4
204,6.9,2.4
204,6.9,2.4
204,6.9,2.4
204,6.9,2.4
204,6.9,2.4
204,6.9,2.4
204,6.9,2.4
204,6.9,2.4
204,6.9,2.4
205,6.8,2.6
205,6.8,2.6
205,6.8,2.6
205,6.8,2.6
205,6.8,2.6
205,6.8,2.6
205,6.8,2.6
205,6.8,2.6
205,6.8,2.6
205,6.8,2.6
205,6.8,2.6
205,6.8,2.6
205,6.8,2.6
205,6.8,2.6
205,6.8,2.6
205,6.8,2.6
205,6.8,2.6
205,6.8,2.6
206,7,2.2
206,7,2.2
206,7,2.2
206,7,2.2
206,7,2.2
206,7,2.2
206,7,2.2
206,7,2.2
206,7,2.2
206,7,2.2
206,7,2.2
206,7,2.2
206,7,2.2
206,7,2.2
206,7,2.2
206,7,2.2
206,7,2.2
206,7,2.2
207,7,2.4
207,7,2.4
207,7,2.4
207,7,2.4
207,7,2.4
207,7,2.4
207,7,2.4
207,7,2.4
207,7,2.4
207,7,2.4
207,7,2.4
207,7,2.4
207,7,2.4
207,7,2.4
207,7,2.4
207,7,2.4
207,7,2.4
207,7,2.4
208,6.9,2.4
208,6.9,2.4
208,6.9,2.4
208,6.9,2.4
208,6.9,2.4
208,6.9,2.4
208,6.9,2.4
208,6.9,2.4
208,6.9,2.4
208,6.9,2.4
208,6.9,2.4
208,6.9,2.4
208,6.9,2.4
208,6.9,2.4
208,6.9,2.4
208,6.9,2.4
208,6.9,2.4
208,6.9,2.4
209,7.1,1.9
209,7.1,1.9
209,7.1,1.9
209,7.1,1.9
209,7.1,1.9
209,7.1,1.9
209,7.1,1.9
209,7.1,1.9
209,7.1,1.9
209,7.1,1.9
209,7.1,1.9
209,7.1,1.9
209,7.1,1.9
209,7.1,1.9
209,7.1,1.9
209,7.1,1.9
209,7.1,1.9
209,7.1,1.9
210,6.9,2.5
210,6.9,2.5
210,6.9,2.5
210,6.9,2.5
210,6.9,2.5
210,6.9,2.5
210,6.9,2.5
210,6.9,2.5
210,6.9,2.5
210,6.9,2.5
210,6.9,2.5
210,6.9,2.5
210,6.9,2.5
210,6.9,2.5
210,6.9,2.5
210,6.9,2.5
210,6.9,2.5
210,6.9,2.5
201,5.6,3
201,5.6,3
201,5.6,3
201,5.6,3
201,5.6,3
201,5.6,3
201,5.6,3
201,5.6,3
201,5.6,3
201,5.6,3
201,5.6,3
201,5.6,3
201,5.6,3
201,5.6,3
201,5.6,3
201,5.6,3
201,5.6,3
201,5.6,3
202,5.6,2.6
202,5.6,2.6
202,5.6,2.6
202,5.6,2.6
202,5.6,2.6
202,5.6,2.6
202,5.6,2.6
202,5.6,2.6
202,5.6,2.6
202,5.6,2.6
202,5.6,2.6
202,5.6,2.6
202,5.6,2.6
202,5.6,2.6
202,5.6,2.6
202,5.6,2.6
202,5.6,2.6
202,5.6,2.6
203,5.6,2.7
203,5.6,2.7
203,5.6,2.7
203,5.6,2.7
203,5.6,2.7
203,5.6,2.7
203,5.6,2.7
203,5.6,2.7
203,5.6,2.7
203,5.6,2.7
203,5.6,2.7
203,5.6,2.7
203,5.6,2.7
203,5.6,2.7
203,5.6,2.7
203,5.6,2.7
203,5.6,2.7
203,5.6,2.7
204,5.7,2.4
204,5.7,2.4
204,5.7,2.4
204,5.7,2.4
204,5.7,2.4
204,5.7,2.4
204,5.7,2.4
204,5.7,2.4
204,5.7,2.4
204,5.7,2.4
204,5.7,2.4
204,5.7,2.4
204,5.7,2.4
204,5.7,2.4
204,5.7,2.4
204,5.7,2.4
204,5.7,2.4
204,5.7,2.4
205,5.6,2.6
205,5.6,2.6
205,5.6,2.6
205,5.6,2.6
205,5.6,2.6
205,5.6,2.6
205,5.6,2.6
205,5.6,2.6
205,5.6,2.6
205,5.6,2.6
205,5.6,2.6
205,5.6,2.6
205,5.6,2.6
205,5.6,2.6
205,5.6,2.6
205,5.6,2.6
205,5.6,2.6
205,5.6,2.6
206,5.8,2.2
206,5.8,2.2
206,5.8,2.2
206,5.8,2.2
206,5.8,2.2
206,5.8,2.2
206,5.8,2.2
206,5.8,2.2
206,5.8,2.2
206,5.8,2.2
206,5.8,2.2
206,5.8,2.2
206,5.8,2.2
206,5.8,2.2
206,5.8,2.2
206,5.8,2.2
206,5.8,2.2
206,5.8,2.2
207,5.7,2.4
207,5.7,2.4
207,5.7,2.4
207,5.7,2.4
207,5.7,2.4
207,5.7,2.4
207,5.7,2.4
207,5.7,2.4
207,5.7,2.4
207,5.7,2.4
207,5.7,2.4
207,5.7,2.4
207,5.7,2.4
207,5.7,2.4
207,5.7,2.4
207,5.7,2.4
207,5.7,2.4
207,5.7,2.4
208,5.7,2.4
208,5.7,2.4
208,5.7,2.4
208,5.7,2.4
208,5.7,2.4
208,5.7,2.4
208,5.7,2.4
208,5.7,2.4
208,5.7,2.4
208,5.7,2.4
208,5.7,2.4
208,5.7,2.4
208,5.7,2.4
208,5.7,2.4
208,5.7,2.4
208,5.7,2.4
208,5.7,2.4
208,5.7,2.4
209,5.8,1.9
209,5.8,1.9
209,5.8,1.9
209,5.8,1.9
209,5.8,1.9
209,5.8,1.9
209,5.8,1.9
209,5.8,1.9
209,5.8,1.9
209,5.8,1.9
209,5.8,1.9
209,5.8,1.9
209,5.8,1.9
209,5.8,1.9
209,5.8,1.9
209,5.8,1.9
209,5.8,1.9
209,5.8,1.9
210,5.8,2.5
210,5.8,2.5
210,5.8,2.5
210,5.8,2.5
210,5.8,2.5
210,5.8,2.5
210,5.8,2.5
210,5.8,2.5
210,5.8,2.5
210,5.8,2.5
210,5.8,2.5
210,5.8,2.5
210,5.8,2.5
210,5.8,2.5
210,5.8,2.5
210,5.8,2.5
210,5.8,2.5
210,5.8,2.5
201,5.9,3
201,5.9,3
201,5.9,3
201,5.9,3
201,5.9,3
201,5.9,3
201,5.9,3
201,5.9,3
201,5.9,3
201,5.9,3
201,5.9,3
201,5.9,3
201,5.9,3
201,5.9,3
201,5.9,3
201,5.9,3
201,5.9,3
201,5.9,3
202,5.9,2.6
202,5.9,2.6
202,5.9,2.6
202,5.9,2.6
202,5.9,2.6
202,5.9,2.6
202,5.9,2.6
202,5.9,2.6
202,5.9,2.6
202,5.9,2.6
202,5.9,2.6
202,5.9,2.6
202,5.9,2.6
202,5.9,2.6
202,5.9,2.6
202,5.9,2.6
202,5.9,2.6
202,5.9,2.6
203,5.9,2.8
203,5.9,2.8
203,5.9,2.8
203,5.9,2.8
203,5.9,2.8
203,5.9,2.8
203,5.9,2.8
203,5.9,2.8
203,5.9,2.8
203,5.9,2.8
203,5.9,2.8
203,5.9,2.8
203,5.9,2.8
203,5.9,2.8
203,5.9,2.8
203,5.9,2.8
203,5.9,2.8
203,5.9,2.8
204,6.1,2.4
204,6.1,2.4
204,6.1,2.4
204,6.1,2.4
204,6.1,2.4
204,6.1,2.4
204,6.1,2.4
204,6.1,2.4
204,6.1,2.4
204,6.1,2.4
204,6.1,2.4
204,6.1,2.4
204,6.1,2.4
204,6.1,2.4
204,6.1,2.4
204,6.1,2.4
204,6.1,2.4
204,6.1,2.4
205,6,2.6
205,6,2.6
205,6,2.6
205,6,2.6
205,6,2.6
205,6,2.6
205,6,2.6
205,6,2.6
205,6,2.6
205,6,2.6
205,6,2.6
205,6,2.6
205,6,2.6
205,6,2.6
205,6,2.6
205,6,2.6
205,6,2.6
205,6,2.6
206,6.2,2.2
206,6.2,2.2
206,6.2,2.2
206,6.2,2.2
206,6.2,2.2
206,6.2,2.2
206,6.2,2.2
206,6.2,2.2
206,6.2,2.2
206,6.2,2.2
206,6.2,2.2
206,6.2,2.2
206,6.2,2.2
206,6.2,2.2
206,6.2,2.2
206,6.2,2.2
206,6.2,2.2
206,6.2,2.2
207,6.1,2.4
207,6.1,2.4
207,6.1,2.4
207,6.1,2.4
207,6.1,2.4
207,6.1,2.4
207,6.1,2.4
207,6.1,2.4
207,6.1,2.4
207,6.1,2.4
207,6.1,2.4
207,6.1,2.4
207,6.1,2.4
207,6.1,2.4
207,6.1,2.4
207,6.1,2.4
207,6.1,2.4
207,6.1,2.4
208,6.1,2.4
208,6.1,2.4
208,6.1,2.4
208,6.1,2.4
208,6.1,2.4
208,6.1,2.4
208,6.1,2.4
208,6.1,2.4
208,6.1,2.4
208,6.1,2.4
208,6.1,2.4
208,6.1,2.4
208,6.1,2.4
208,6.1,2.4
208,6.1,2.4
208,6.1,2.4
208,6.1,2.4
208,6.1,2.4
209,6.1,1.9
209,6.1,1.9
209,6.1,1.9
209,6.1,1.9
209,6.1,1.9
209,6.1,1.9
209,6.1,1.9
209,6.1,1.9
209,6.1,1.9
209,6.1,1.9
209,6.1,1.9
209,6.1,1.9
209,6.1,1.9
209,6.1,1.9
209,6.1,1.9
209,6.1,1.9
209,6.1,1.9
209,6.1,1.9
210,6.1,2.5
210,6.1,2.5
210,6.1,2.5
210,6.1,2.5
210,6.1,2.5
210,6.1,2.5
210,6.1,2.5
210,6.1,2.5
210,6.1,2.5
210,6.1,2.5
210,6.1,2.5
210,6.1,2.5
210,6.1,2.5
210,6.1,2.5
210,6.1,2.5
210,6.1,2.5
210,6.1,2.5
210,6.1,2.5
201,5.9,3
201,5.9,3
201,5.9,3
201,5.9,3
201,5.9,3
201,5.9,3
201,5.9,3
201,5.9,3
201,5.9,3
201,5.9,3
201,5.9,3
201,5.9,3
201,5.9,3
201,5.9,3
201,5.9,3
201,5.9,3
201,5.9,3
201,5.9,3
202,6,2.6
202,6,2.6
202,6,2.6
202,6,2.6
202,6,2.6
202,6,2.6
202,6,2.6
202,6,2.6
202,6,2.6
202,6,2.6
202,6,2.6
202,6,2.6
202,6,2.6
202,6,2.6
202,6,2.6
202,6,2.6
202,6,2.6
202,6,2.6
203,5.9,2.8
203,5.9,2.8
203,5.9,2.8
203,5.9,2.8
203,5.9,2.8
203,5.9,2.8
203,5.9,2.8
203,5.9,2.8
203,5.9,2.8
203,5.9,2.8
203,5.9,2.8
203,5.9,2.8
203,5.9,2.8
203,5.9,2.8
203,5.9,2.8
203,5.9,2.8
203,5.9,2.8
203,5.9,2.8
204,6.2,2.4
204,6.2,2.4
204,6.2,2.4
204,6.2,2.4
204,6.2,2.4
204,6.2,2.4
204,6.2,2.4
204,6.2,2.4
204,6.2,2.4
204,6.2,2.4
204,6.2,2.4
204,6.2,2.4
204,6.2,2.4
204,6.2,2.4
204,6.2,2.4
204,6.2,2.4
204,6.2,2.4
204,6.2,2.4
205,6,2.6
205,6,2.6
205,6,2.6
205,6,2.6
205,6,2.6
205,6,2.6
205,6,2.6
205,6,2.6
205,6,2.6
205,6,2.6
205,6,2.6
205,6,2.6
205,6,2.6
205,6,2.6
205,6,2.6
205,6,2.6
205,6,2.6
205,6,2.6
206,6.2,2.1
206,6.2,2.1
206,6.2,2.1
206,6.2,2.1
206,6.2,2.1
206,6.2,2.1
206,6.2,2.1
206,6.2,2.1
206,6.2,2.1
206,6.2,2.1
206,6.2,2.1
206,6.2,2.1
206,6.2,2.1
206,6.2,2.1
206,6.2,2.1
206,6.2,2.1
206,6.2,2.1
206,6.2,2.1
207,6,2.5
207,6,2.5
207,6,2.5
207,6,2.5
207,6,2.5
207,6,2.5
207,6,2.5
207,6,2.5
207,6,2.5
207,6,2.5
207,6,2.5
207,6,2.5
207,6,2.5
207,6,2.5
207,6,2.5
207,6,2.5
207,6,2.5
207,6,2.5
208,6.1,2.5
208,6.1,2.5
208,6.1,2.5
208,6.1,2.5
208,6.1,2.5
208,6.1,2.5
208,6.1,2.5
208,6.1,2.5
208,6.1,2.5
208,6.1,2.5
208,6.1,2.5
208,6.1,2.5
208,6.1,2.5
208,6.1,2.5
208,6.1,2.5
208,6.1,2.5
208,6.1,2.5
208,6.1,2.5
209,6.2,1.9
209,6.2,1.9
209,6.2,1.9
209,6.2,1.9
209,6.2,1.9
209,6.2,1.9
209,6.2,1.9
209,6.2,1.9
209,6.2,1.9
209,6.2,1.9
209,6.2,1.9
209,6.2,1.9
209,6.2,1.9
209,6.2,1.9
209,6.2,1.9
209,6.2,1.9
209,6.2,1.9
209,6.2,1.9
210,6.1,2.5
210,6.1,2.5
210,6.1,2.5
210,6.1,2.5
210,6.1,2.5
210,6.1,2.5
210,6.1,2.5
210,6.1,2.5
210,6.1,2.5
210,6.1,2.5
210,6.1,2.5
210,6.1,2.5
210,6.1,2.5
210,6.1,2.5
210,6.1,2.5
210,6.1,2.5
210,6.1,2.5
210,6.1,2.5
201,5.9,2.7
201,5.9,2.7
201,5.9,2.7
201,5.9,2.7
201,5.9,2.7
201,5.9,2.7
201,5.9,2.7
201,5.9,2.7
201,5.9,2.7
201,5.9,2.7
201,5.9,2.7
201,5.9,2.7
201,5.9,2.7
201,5.9,2.7
201,5.9,2.7
201,5.9,2.7
201,5.9,2.7
201,5.9,2.7
202,6.1,2.5
202,6.1,2.5
202,6.1,2.5
202,6.1,2.5
202,6.1,2.5
202,6.1,2.5
202,6.1,2.5
202,6.1,2.5
202,6.1,2.5
202,6.1,2.5
202,6.1,2.5
202,6.1,2.5
202,6.1,2.5
202,6.1,2.5
202,6.1,2.5
202,6.1,2.5
202,6.1,2.5
202,6.1,2.5
203,6,2.6
203,6,2.6
203,6,2.6
203,6,2.6
203,6,2.6
203,6,2.6
203,6,2.6
203,6,2.6
203,6,2.6
203,6,2.6
203,6,2.6
203,6,2.6
203,6,2.6
203,6,2.6
203,6,2.6
203,6,2.6
203,6,2.6
203,6,2.6
204,6.3,2.3
204,6.3,2.3
204,6.3,2.3
204,6.3,2.3
204,6.3,2.3
204,6.3,2.3
204,6.3,2.3
204,6.3,2.3
204,6.3,2.3
204,6.3,2.3
204,6.3,2.3
204,6.3,2.3
204,6.3,2.3
204,6.3,2.3
204,6.3,2.3
204,6.3,2.3
204,6.3,2.3
204,6.3,2.3
205,6.1,2.4
205,6.1,2.4
205,6.1,2.4
205,6.1,2.4
205,6.1,2.4
205,6.1,2.4
205,6.1,2.4
205,6.1,2.4
205,6.1,2.4
205,6.1,2.4
205,6.1,2.4
205,6.1,2.4
205,6.1,2.4
205,6.1,2.4
205,6.1,2.4
205,6.1,2.4
205,6.1,2.4
205,6.1,2.4
206,6.3,2.1
206,6.3,2.1
206,6.3,2.1
206,6.3,2.1
206,6.3,2.1
206,6.3,2.1
206,6.3,2.1
206,6.3,2.1
206,6.3,2.1
206,6.3,2.1
206,6.3,2.1
206,6.3,2.1
206,6.3,2.1
206,6.3,2.1
206,6.3,2.1
206,6.3,2.1
206,6.3,2.1
206,6.3,2.1
207,6.2,2.2
207,6.2,2.2
207,6.2,2.2
207,6.2,2.2
207,6.2,2.2
207,6.2,2.2
207,6.2,2.2
207,6.2,2.2
207,6.2,2.2
207,6.2,2.2
207,6.2,2.2
207,6.2,2.2
207,6.2,2.2
207,6.2,2.2
207,6.2,2.2
207,6.2,2.2
207,6.2,2.2
207,6.2,2.2
208,6.2,2.3
208,6.2,2.3
208,6.2,2.3
208,6.2,2.3
208,6.2,2.3
208,6.2,2.3
208,6.2,2.3
208,6.2,2.3
208,6.2,2.3
208,6.2,2.3
208,6.2,2.3
208,6.2,2.3
208,6.2,2.3
208,6.2,2.3
208,6.2,2.3
208,6.2,2.3
208,6.2,2.3
208,6.2,2.3
209,6.3,1.7
209,6.3,1.7
209,6.3,1.7
209,6.3,1.7
209,6.3,1.7
209,6.3,1.7
209,6.3,1.7
209,6.3,1.7
209,6.3,1.7
209,6.3,1.7
209,6.3,1.7
209,6.3,1.7
209,6.3,1.7
209,6.3,1.7
209,6.3,1.7
209,6.3,1.7
209,6.3,1.7
209,6.3,1.7
210,6.2,2.4
210,6.2,2.4
210,6.2,2.4
210,6.2,2.4
210,6.2,2.4
210,6.2,2.4
210,6.2,2.4
210,6.2,2.4
210,6.2,2.4
210,6.2,2.4
210,6.2,2.4
210,6.2,2.4
210,6.2,2.4
210,6.2,2.4
210,6.2,2.4
210,6.2,2.4
210,6.2,2.4
210,6.2,2.4
201,5.7,2.8
201,5.7,2.8
201,5.7,2.8
201,5.7,2.8
201,5.7,2.8
201,5.7,2.8
201,5.7,2.8
201,5.7,2.8
201,5.7,2.8
201,5.7,2.8
201,5.7,2.8
201,5.7,2.8
201,5.7,2.8
201,5.7,2.8
201,5.7,2.8
201,5.7,2.8
201,5.7,2.8
201,5.7,2.8
202,5.9,2.5
202,5.9,2.5
202,5.9,2.5
202,5.9,2.5
202,5.9,2.5
202,5.9,2.5
202,5.9,2.5
202,5.9,2.5
202,5.9,2.5
202,5.9,2.5
202,5.9,2.5
202,5.9,2.5
202,5.9,2.5
202,5.9,2.5
202,5.9,2.5
202,5.9,2.5
202,5.9,2.5
202,5.9,2.5
203,5.8,2.7
203,5.8,2.7
203,5.8,2.7
203,5.8,2.7
203,5.8,2.7
203,5.8,2.7
203,5.8,2.7
203,5.8,2.7
203,5.8,2.7
203,5.8,2.7
203,5.8,2.7
203,5.8,2.7
203,5.8,2.7
203,5.8,2.7
203,5.8,2.7
203,5.8,2.7
203,5.8,2.7
203,5.8,2.7
204,6.1,2.4
204,6.1,2.4
204,6.1,2.4
204,6.1,2.4
204,6.1,2.4
204,6.1,2.4
204,6.1,2.4
204,6.1,2.4
204,6.1,2.4
204,6.1,2.4
204,6.1,2.4
204,6.1,2.4
204,6.1,2.4
204,6.1,2.4
204,6.1,2.4
204,6.1,2.4
204,6.1,2.4
204,6.1,2.4
205,5.9,2.5
205,5.9,2.5
205,5.9,2.5
205,5.9,2.5
205,5.9,2.5
205,5.9,2.5
205,5.9,2.5
205,5.9,2.5
205,5.9,2.5
205,5.9,2.5
205,5.9,2.5
205,5.9,2.5
205,5.9,2.5
205,5.9,2.5
205,5.9,2.5
205,5.9,2.5
205,5.9,2.5
205,5.9,2.5
206,6,2.1
206,6,2.1
206,6,2.1
206,6,2.1
206,6,2.1
206,6,2.1
206,6,2.1
206,6,2.1
206,6,2.1
206,6,2.1
206,6,2.1
206,6,2.1
206,6,2.1
206,6,2.1
206,6,2.1
206,6,2.1
206,6,2.1
206,6,2.1
207,5.9,2.3
207,5.9,2.3
207,5.9,2.3
207,5.9,2.3
207,5.9,2.3
207,5.9,2.3
207,5.9,2.3
207,5.9,2.3
207,5.9,2.3
207,5.9,2.3
207,5.9,2.3
207,5.9,2.3
207,5.9,2.3
207,5.9,2.3
207,5.9,2.3
207,5.9,2.3
207,5.9,2.3
207,5.9,2.3
208,5.9,2.4
208,5.9,2.4
208,5.9,2.4
208,5.9,2.4
208,5.9,2.4
208,5.9,2.4
208,5.9,2.4
208,5.9,2.4
208,5.9,2.4
208,5.9,2.4
208,5.9,2.4
208,5.9,2.4
208,5.9,2.4
208,5.9,2.4
208,5.9,2.4
208,5.9,2.4
208,5.9,2.4
208,5.9,2.4
209,6,1.8
209,6,1.8
209,6,1.8
209,6,1.8
209,6,1.8
209,6,1.8
209,6,1.8
209,6,1.8
209,6,1.8
209,6,1.8
209,6,1.8
209,6,1.8
209,6,1.8
209,6,1.8
209,6,1.8
209,6,1.8
209,6,1.8
209,6,1.8
210,5.9,2.5
210,5.9,2.5
210,5.9,2.5
210,5.9,2.5
210,5.9,2.5
210,5.9,2.5
210,5.9,2.5
210,5.9,2.5
210,5.9,2.5
210,5.9,2.5
210,5.9,2.5
210,5.9,2.5
210,5.9,2.5
210,5.9,2.5
210,5.9,2.5
210,5.9,2.5
210,5.9,2.5
210,5.9,2.5
201,5.9,2.5
201,5.9,2.5
201,5.9,2.5
201,5.9,2.5
201,5.9,2.5
201,5.9,2.5
201,5.9,2.5
201,5.9,2.5
201,5.9,2.5
201,5.9,2.5
201,5.9,2.5
201,5.9,2.5
201,5.9,2.5
201,5.9,2.5
201,5.9,2.5
201,5.9,2.5
201,5.9,2.5
201,5.9,2.5
202,6,2.3
202,6,2.3
202,6,2.3
202,6,2.3
202,6,2.3
202,6,2.3
202,6,2.3
202,6,2.3
202,6,2.3
202,6,2.3
202,6,2.3
202,6,2.3
202,6,2.3
202,6,2.3
202,6,2.3
202,6,2.3
202,6,2.3
202,6,2.3
203,6,2.4
203,6,2.4
203,6,2.4
203,6,2.4
203,6,2.4
203,6,2.4
203,6,2.4
203,6,2.4
203,6,2.4
203,6,2.4
203,6,2.4
203,6,2.4
203,6,2.4
203,6,2.4
203,6,2.4
203,6,2.4
203,6,2.4
203,6,2.4
204,6.1,2.2
204,6.1,2.2
204,6.1,2.2
204,6.1,2.2
204,6.1,2.2
204,6.1,2.2
204,6.1,2.2
204,6.1,2.2
204,6.1,2.2
204,6.1,2.2
204,6.1,2.2
204,6.1,2.2
204,6.1,2.2
204,6.1,2.2
204,6.1,2.2
204,6.1,2.2
204,6.1,2.2
204,6.1,2.2
205,6,2.2
205,6,2.2
205,6,2.2
205,6,2.2
205,6,2.2
205,6,2.2
205,6,2.2
205,6,2.2
205,6,2.2
205,6,2.2
205,6,2.2
205,6,2.2
205,6,2.2
205,6,2.2
205,6,2.2
205,6,2.2
205,6,2.2
205,6,2.2
206,6,2.1
206,6,2.1
206,6,2.1
206,6,2.1
206,6,2.1
206,6,2.1
206,6,2.1
206,6,2.1
206,6,2.1
206,6,2.1
206,6,2.1
206,6,2.1
206,6,2.1
206,6,2.1
206,6,2.1
206,6,2.1
206,6,2.1
206,6,2.1
207,6,2.2
207,6,2.2
207,6,2.2
207,6,2.2
207,6,2.2
207,6,2.2
207,6,2.2
207,6,2.2
207,6,2.2
207,6,2.2
207,6,2.2
207,6,2.2
207,6,2.2
207,6,2.2
207,6,2.2
207,6,2.2
207,6,2.2
207,6,2.2
208,6,2.3
208,6,2.3
208,6,2.3
208,6,2.3
208,6,2.3
208,6,2.3
208,6,2.3
208,6,2.3
208,6,2.3
208,6,2.3
208,6,2.3
208,6,2.3
208,6,2.3
208,6,2.3
208,6,2.3
208,6,2.3
208,6,2.3
208,6,2.3
209,6.1,1.6
209,6.1,1.6
209,6.1,1.6
209,6.1,1.6
209,6.1,1.6
209,6.1,1.6
209,6.1,1.6
209,6.1,1.6
209,6.1,1.6
209,6.1,1.6
209,6.1,1.6
209,6.1,1.6
209,6.1,1.6
209,6.1,1.6
209,6.1,1.6
209,6.1,1.6
209,6.1,1.6
209,6.1,1.6
210,6.1,2.4
210,6.1,2.4
210,6.1,2.4
210,6.1,2.4
210,6.1,2.4
210,6.1,2.4
210,6.1,2.4
210,6.1,2.4
210,6.1,2.4
210,6.1,2.4
210,6.1,2.4
210,6.1,2.4
210,6.1,2.4
210,6.1,2.4
210,6.1,2.4
210,6.1,2.4
210,6.1,2.4
210,6.1,2.4
201,5.9,2.5
201,5.9,2.5
201,5.9,2.5
201,5.9,2.5
201,5.9,2.5
201,5.9,2.5
201,5.9,2.5
201,5.9,2.5
201,5.9,2.5
201,5.9,2.5
201,5.9,2.5
201,5.9,2.5
201,5.9,2.5
201,5.9,2.5
201,5.9,2.5
201,5.9,2.5
201,5.9,2.5
201,5.9,2.5
202,6,2.5
202,6,2.5
202,6,2.5
202,6,2.5
202,6,2.5
202,6,2.5
202,6,2.5
202,6,2.5
202,6,2.5
202,6,2.5
202,6,2.5
202,6,2.5
202,6,2.5
202,6,2.5
202,6,2.5
202,6,2.5
202,6,2.5
202,6,2.5
203,6,2.5
203,6,2.5
203,6,2.5
203,6,2.5
203,6,2.5
203,6,2.5
203,6,2.5
203,6,2.5
203,6,2.5
203,6,2.5
203,6,2.5
203,6,2.5
203,6,2.5
203,6,2.5
203,6,2.5
203,6,2.5
203,6,2.5
203,6,2.5
204,6.2,2.2
204,6.2,2.2
204,6.2,2.2
204,6.2,2.2
204,6.2,2.2
204,6.2,2.2
204,6.2,2.2
204,6.2,2.2
204,6.2,2.2
204,6.2,2.2
204,6.2,2.2
204,6.2,2.2
204,6.2,2.2
204,6.2,2.2
204,6.2,2.2
204,6.2,2.2
204,6.2,2.2
204,6.2,2.2
205,6,2.2
205,6,2.2
205,6,2.2
205,6,2.2
205,6,2.2
205,6,2.2
205,6,2.2
205,6,2.2
205,6,2.2
205,6,2.2
205,6,2.2
205,6,2.2
205,6,2.2
205,6,2.2
205,6,2.2
205,6,2.2
205,6,2.2
205,6,2.2
206,6.2,2.1
206,6.2,2.1
206,6.2,2.1
206,6.2,2.1
206,6.2,2.1
206,6.2,2.1
206,6.2,2.1
206,6.2,2.1
206,6.2,2.1
206,6.2,2.1
206,6.2,2.1
206,6.2,2.1
206,6.2,2.1
206,6.2,2.1
206,6.2,2.1
206,6.2,2.1
206,6.2,2.1
206,6.2,2.1
207,6.1,2.2
207,6.1,2.2
207,6.1,2.2
207,6.1,2.2
207,6.1,2.2
207,6.1,2.2
207,6.1,2.2
207,6.1,2.2
207,6.1,2.2
207,6.1,2.2
207,6.1,2.2
207,6.1,2.2
207,6.1,2.2
207,6.1,2.2
207,6.1,2.2
207,6.1,2.2
207,6.1,2.2
207,6.1,2.2
208,6.2,2.3
208,6.2,2.3
208,6.2,2.3
208,6.2,2.3
208,6.2,2.3
208,6.2,2.3
208,6.2,2.3
208,6.2,2.3
208,6.2,2.3
208,6.2,2.3
208,6.2,2.3
208,6.2,2.3
208,6.2,2.3
208,6.2,2.3
208,6.2,2.3
208,6.2,2.3
208,6.2,2.3
208,6.2,2.3
209,6.3,1.7
209,6.3,1.7
209,6.3,1.7
209,6.3,1.7
209,6.3,1.7
209,6.3,1.7
209,6.3,1.7
209,6.3,1.7
209,6.3,1.7
209,6.3,1.7
209,6.3,1.7
209,6.3,1.7
209,6.3,1.7
209,6.3,1.7
209,6.3,1.7
209,6.3,1.7
209,6.3,1.7
209,6.3,1.7
210,6.2,2.4
210,6.2,2.4
210,6.2,2.4
210,6.2,2.4
210,6.2,2.4
210,6.2,2.4
210,6.2,2.4
210,6.2,2.4
210,6.2,2.4
210,6.2,2.4
210,6.2,2.4
210,6.2,2.4
210,6.2,2.4
210,6.2,2.4
210,6.2,2.4
210,6.2,2.4
210,6.2,2.4
210,6.2,2.4
201,6.1,2.5
201,6.1,2.5
201,6.1,2.5
201,6.1,2.5
201,6.1,2.5
201,6.1,2.5
201,6.1,2.5
201,6.1,2.5
201,6.1,2.5
201,6.1,2.5
201,6.1,2.5
201,6.1,2.5
201,6.1,2.5
201,6.1,2.5
201,6.1,2.5
201,6.1,2.5
201,6.1,2.5
201,6.1,2.5
202,6.5,2.4
202,6.5,2.4
202,6.5,2.4
202,6.5,2.4
202,6.5,2.4
202,6.5,2.4
202,6.5,2.4
202,6.5,2.4
202,6.5,2.4
202,6.5,2.4
202,6.5,2.4
202,6.5,2.4
202,6.5,2.4
202,6.5,2.4
202,6.5,2.4
202,6.5,2.4
202,6.5,2.4
202,6.5,2.4
203,6.3,2.4
203,6.3,2.4
203,6.3,2.4
203,6.3,2.4
203,6.3,2.4
203,6.3,2.4
203,6.3,2.4
203,6.3,2.4
203,6.3,2.4
203,6.3,2.4
203,6.3,2.4
203,6.3,2.4
203,6.3,2.4
203,6.3,2.4
203,6.3,2.4
203,6.3,2.4
203,6.3,2.4
203,6.3,2.4
204,6.7,2.2
204,6.7,2.2
204,6.7,2.2
204,6.7,2.2
204,6.7,2.2
204,6.7,2.2
204,6.7,2.2
204,6.7,2.2
204,6.7,2.2
204,6.7,2.2
204,6.7,2.2
204,6.7,2.2
204,6.7,2.2
204,6.7,2.2
204,6.7,2.2
204,6.7,2.2
204,6.7,2.2
204,6.7,2.2
205,6.2,2.3
205,6.2,2.3
205,6.2,2.3
205,6.2,2.3
205,6.2,2.3
205,6.2,2.3
205,6.2,2.3
205,6.2,2.3
205,6.2,2.3
205,6.2,2.3
205,6.2,2.3
205,6.2,2.3
205,6.2,2.3
205,6.2,2.3
205,6.2,2.3
205,6.2,2.3
205,6.2,2.3
205,6.2,2.3
206,6.7,2.1
206,6.7,2.1
206,6.7,2.1
206,6.7,2.1
206,6.7,2.1
206,6.7,2.1
206,6.7,2.1
206,6.7,2.1
206,6.7,2.1
206,6.7,2.1
206,6.7,2.1
206,6.7,2.1
206,6.7,2.1
206,6.7,2.1
206,6.7,2.1
206,6.7,2.1
206,6.7,2.1
206,6.7,2.1
207,6.4,2.2
207,6.4,2.2
207,6.4,2.2
207,6.4,2.2
207,6.4,2.2
207,6.4,2.2
207,6.4,2.2
207,6.4,2.2
207,6.4,2.2
207,6.4,2.2
207,6.4,2.2
207,6.4,2.2
207,6.4,2.2
207,6.4,2.2
207,6.4,2.2
207,6.4,2.2
207,6.4,2.2
207,6.4,2.2
208,6.6,2.3
208,6.6,2.3
208,6.6,2.3
208,6.6,2.3
208,6.6,2.3
208,6.6,2.3
208,6.6,2.3
208,6.6,2.3
208,6.6,2.3
208,6.6,2.3
208,6.6,2.3
208,6.6,2.3
208,6.6,2.3
208,6.6,2.3
208,6.6,2.3
208,6.6,2.3
208,6.6,2.3
208,6.6,2.3
209,6.6,1.7
209,6.6,1.7
209,6.6,1.7
209,6.6,1.7
209,6.6,1.7
209,6.6,1.7
209,6.6,1.7
209,6.6,1.7
209,6.6,1.7
209,6.6,1.7
209,6.6,1.7
209,6.6,1.7
209,6.6,1.7
209,6.6,1.7
209,6.6,1.7
209,6.6,1.7
209,6.6,1.7
209,6.6,1.7
210,6.5,2.4
210,6.5,2.4
210,6.5,2.4
210,6.5,2.4
210,6.5,2.4
210,6.5,2.4
210,6.5,2.4
210,6.5,2.4
210,6.5,2.4
210,6.5,2.4
210,6.5,2.4
210,6.5,2.4
210,6.5,2.4
210,6.5,2.4
210,6.5,2.4
210,6.5,2.4
210,6.5,2.4
210,6.5,2.4
201,5.7,2.6
201,5.7,2.6
201,5.7,2.6
201,5.7,2.6
201,5.7,2.6
201,5.7,2.6
201,5.7,2.6
201,5.7,2.6
201,5.7,2.6
201,5.7,2.6
201,5.7,2.6
201,5.7,2.6
201,5.7,2.6
201,5.7,2.6
201,5.7,2.6
201,5.7,2.6
201,5.7,2.6
201,5.7,2.6
202,6.1,2.4
202,6.1,2.4
202,6.1,2.4
202,6.1,2.4
202,6.1,2.4
202,6.1,2.4
202,6.1,2.4
202,6.1,2.4
202,6.1,2.4
202,6.1,2.4
202,6.1,2.4
202,6.1,2.4
202,6.1,2.4
202,6.1,2.4
202,6.1,2.4
202,6.1,2.4
202,6.1,2.4
202,6.1,2.4
203,6,2.5
203,6,2.5
203,6,2.5
203,6,2.5
203,6,2.5
203,6,2.5
203,6,2.5
203,6,2.5
203,6,2.5
203,6,2.5
203,6,2.5
203,6,2.5
203,6,2.5
203,6,2.5
203,6,2.5
203,6,2.5
203,6,2.5
203,6,2.5
204,6.3,2.3
204,6.3,2.3
204,6.3,2.3
204,6.3,2.3
204,6.3,2.3
204,6.3,2.3
204,6.3,2.3
204,6.3,2.3
204,6.3,2.3
204,6.3,2.3
204,6.3,2.3
204,6.3,2.3
204,6.3,2.3
204,6.3,2.3
204,6.3,2.3
204,6.3,2.3
204,6.3,2.3
204,6.3,2.3
205,6,2.3
205,6,2.3
205,6,2.3
205,6,2.3
205,6,2.3
205,6,2.3
205,6,2.3
205,6,2.3
205,6,2.3
205,6,2.3
205,6,2.3
205,6,2.3
205,6,2.3
205,6,2.3
205,6,2.3
205,6,2.3
205,6,2.3
205,6,2.3
206,6,2.2
206,6,2.2
206,6,2.2
206,6,2.2
206,6,2.2
206,6,2.2
206,6,2.2
206,6,2.2
206,6,2.2
206,6,2.2
206,6,2.2
206,6,2.2
206,6,2.2
206,6,2.2
206,6,2.2
206,6,2.2
206,6,2.2
206,6,2.2
207,6.2,2.3
207,6.2,2.3
207,6.2,2.3
207,6.2,2.3
207,6.2,2.3
207,6.2,2.3
207,6.2,2.3
207,6.2,2.3
207,6.2,2.3
207,6.2,2.3
207,6.2,2.3
207,6.2,2.3
207,6.2,2.3
207,6.2,2.3
207,6.2,2.3
207,6.2,2.3
207,6.2,2.3
207,6.2,2.3
208,6.2,2.4
208,6.2,2.4
208,6.2,2.4
208,6.2,2.4
208,6.2,2.4
208,6.2,2.4
208,6.2,2.4
208,6.2,2.4
208,6.2,2.4
208,6.2,2.4
208,6.2,2.4
208,6.2,2.4
208,6.2,2.4
208,6.2,2.4
208,6.2,2.4
208,6.2,2.4
208,6.2,2.4
208,6.2,2.4
209,6.3,1.7
209,6.3,1.7
209,6.3,1.7
209,6.3,1.7
209,6.3,1.7
209,6.3,1.7
209,6.3,1.7
209,6.3,1.7
209,6.3,1.7
209,6.3,1.7
209,6.3,1.7
209,6.3,1.7
209,6.3,1.7
209,6.3,1.7
209,6.3,1.7
209,6.3,1.7
209,6.3,1.7
209,6.3,1.7
210,6.3,2.5
210,6.3,2.5
210,6.3,2.5
210,6.3,2.5
210,6.3,2.5
210,6.3,2.5
210,6.3,2.5
210,6.3,2.5
210,6.3,2.5
210,6.3,2.5
210,6.3,2.5
210,6.3,2.5
210,6.3,2.5
210,6.3,2.5
210,6.3,2.5
210,6.3,2.5
210,6.3,2.5
210,6.3,2.5
201,5.9,2.7
201,5.9,2.7
201,5.9,2.7
201,5.9,2.7
201,5.9,2.7
201,5.9,2.7
201,5.9,2.7
201,5.9,2.7
201,5.9,2.7
201,5.9,2.7
201,5.9,2.7
201,5.9,2.7
201,5.9,2.7
201,5.9,2.7
201,5.9,2.7
201,5.9,2.7
201,5.9,2.7
201,5.9,2.7
202,6.2,2.6
202,6.2,2.6
202,6.2,2.6
202,6.2,2.6
202,6.2,2.6
202,6.2,2.6
202,6.2,2.6
202,6.2,2.6
202,6.2,2.6
202,6.2,2.6
202,6.2,2.6
202,6.2,2.6
202,6.2,2.6
202,6.2,2.6
202,6.2,2.6
202,6.2,2.6
202,6.2,2.6
202,6.2,2.6
203,6.1,2.7
203,6.1,2.7
203,6.1,2.7
203,6.1,2.7
203,6.1,2.7
203,6.1,2.7
203,6.1,2.7
203,6.1,2.7
203,6.1,2.7
203,6.1,2.7
203,6.1,2.7
203,6.1,2.7
203,6.1,2.7
203,6.1,2.7
203,6.1,2.7
203,6.1,2.7
203,6.1,2.7
203,6.1,2.7
204,6.4,2.5
204,6.4,2.5
204,6.4,2.5
204,6.4,2.5
204,6.4,2.5
204,6.4,2.5
204,6.4,2.5
204,6.4,2.5
204,6.4,2.5
204,6.4,2.5
204,6.4,2.5
204,6.4,2.5
204,6.4,2.5
204,6.4,2.5
204,6.4,2.5
204,6.4,2.5
204,6.4,2.5
204,6.4,2.5
205,6.1,2.4
205,6.1,2.4
205,6.1,2.4
205,6.1,2.4
205,6.1,2.4
205,6.1,2.4
205,6.1,2.4
205,6.1,2.4
205,6.1,2.4
205,6.1,2.4
205,6.1,2.4
205,6.1,2.4
205,6.1,2.4
205,6.1,2.4
205,6.1,2.4
205,6.1,2.4
205,6.1,2.4
205,6.1,2.4
206,6.3,2.4
206,6.3,2.4
206,6.3,2.4
206,6.3,2.4
206,6.3,2.4
206,6.3,2.4
206,6.3,2.4
206,6.3,2.4
206,6.3,2.4
206,6.3,2.4
206,6.3,2.4
206,6.3,2.4
206,6.3,2.4
206,6.3,2.4
206,6.3,2.4
206,6.3,2.4
206,6.3,2.4
206,6.3,2.4
207,6.3,2.4
207,6.3,2.4
207,6.3,2.4
207,6.3,2.4
207,6.3,2.4
207,6.3,2.4
207,6.3,2.4
207,6.3,2.4
207,6.3,2.4
207,6.3,2.4
207,6.3,2.4
207,6.3,2.4
207,6.3,2.4
207,6.3,2.4
207,6.3,2.4
207,6.3,2.4
207,6.3,2.4
207,6.3,2.4
208,6.3,2.5
208,6.3,2.5
208,6.3,2.5
208,6.3,2.5
208,6.3,2.5
208,6.3,2.5
208,6.3,2.5
208,6.3,2.5
208,6.3,2.5
208,6.3,2.5
208,6.3,2.5
208,6.3,2.5
208,6.3,2.5
208,6.3,2.5
208,6.3,2.5
208,6.3,2.5
208,6.3,2.5
208,6.3,2.5
209,6.4,1.9
209,6.4,1.9
209,6.4,1.9
209,6.4,1.9
209,6.4,1.9
209,6.4,1.9
209,6.4,1.9
209,6.4,1.9
209,6.4,1.9
209,6.4,1.9
209,6.4,1.9
209,6.4,1.9
209,6.4,1.9
209,6.4,1.9
209,6.4,1.9
209,6.4,1.9
209,6.4,1.9
209,6.4,1.9
210,6.3,2.7
210,6.3,2.7
210,6.3,2.7
210,6.3,2.7
210,6.3,2.7
210,6.3,2.7
210,6.3,2.7
210,6.3,2.7
210,6.3,2.7
210,6.3,2.7
210,6.3,2.7
210,6.3,2.7
210,6.3,2.7
210,6.3,2.7
210,6.3,2.7
210,6.3,2.7
210,6.3,2.7
210,6.3,2.7
201,5.9,2.7
201,5.9,2.7
201,5.9,2.7
201,5.9,2.7
201,5.9,2.7
201,5.9,2.7
201,5.9,2.7
201,5.9,2.7
201,5.9,2.7
201,5.9,2.7
201,5.9,2.7
201,5.9,2.7
201,5.9,2.7
201,5.9,2.7
201,5.9,2.7
201,5.9,2.7
201,5.9,2.7
201,5.9,2.7
202,6,2.9
202,6,2.9
202,6,2.9
202,6,2.9
202,6,2.9
202,6,2.9
202,6,2.9
202,6,2.9
202,6,2.9
202,6,2.9
202,6,2.9
202,6,2.9
202,6,2.9
202,6,2.9
202,6,2.9
202,6,2.9
202,6,2.9
202,6,2.9
203,6.1,2.9
203,6.1,2.9
203,6.1,2.9
203,6.1,2.9
203,6.1,2.9
203,6.1,2.9
203,6.1,2.9
203,6.1,2.9
203,6.1,2.9
203,6.1,2.9
203,6.1,2.9
203,6.1,2.9
203,6.1,2.9
203,6.1,2.9
203,6.1,2.9
203,6.1,2.9
203,6.1,2.9
203,6.1,2.9
204,6.4,2.6
204,6.4,2.6
204,6.4,2.6
204,6.4,2.6
204,6.4,2.6
204,6.4,2.6
204,6.4,2.6
204,6.4,2.6
204,6.4,2.6
204,6.4,2.6
204,6.4,2.6
204,6.4,2.6
204,6.4,2.6
204,6.4,2.6
204,6.4,2.6
204,6.4,2.6
204,6.4,2.6
204,6.4,2.6
205,6,2.5
205,6,2.5
205,6,2.5
205,6,2.5
205,6,2.5
205,6,2.5
205,6,2.5
205,6,2.5
205,6,2.5
205,6,2.5
205,6,2.5
205,6,2.5
205,6,2.5
205,6,2.5
205,6,2.5
205,6,2.5
205,6,2.5
205,6,2.5
206,6.3,2.5
206,6.3,2.5
206,6.3,2.5
206,6.3,2.5
206,6.3,2.5
206,6.3,2.5
206,6.3,2.5
206,6.3,2.5
206,6.3,2.5
206,6.3,2.5
206,6.3,2.5
206,6.3,2.5
206,6.3,2.5
206,6.3,2.5
206,6.3,2.5
206,6.3,2.5
206,6.3,2.5
206,6.3,2.5
207,6.2,2.5
207,6.2,2.5
207,6.2,2.5
207,6.2,2.5
207,6.2,2.5
207,6.2,2.5
207,6.2,2.5
207,6.2,2.5
207,6.2,2.5
207,6.2,2.5
207,6.2,2.5
207,6.2,2.5
207,6.2,2.5
207,6.2,2.5
207,6.2,2.5
207,6.2,2.5
207,6.2,2.5
207,6.2,2.5
208,6.3,2.7
208,6.3,2.7
208,6.3,2.7
208,6.3,2.7
208,6.3,2.7
208,6.3,2.7
208,6.3,2.7
208,6.3,2.7
208,6.3,2.7
208,6.3,2.7
208,6.3,2.7
208,6.3,2.7
208,6.3,2.7
208,6.3,2.7
208,6.3,2.7
208,6.3,2.7
208,6.3,2.7
208,6.3,2.7
209,6.3,1.9
209,6.3,1.9
209,6.3,1.9
209,6.3,1.9
209,6.3,1.9
209,6.3,1.9
209,6.3,1.9
209,6.3,1.9
209,6.3,1.9
209,6.3,1.9
209,6.3,1.9
209,6.3,1.9
209,6.3,1.9
209,6.3,1.9
209,6.3,1.9
209,6.3,1.9
209,6.3,1.9
209,6.3,1.9
210,6.3,2.9
210,6.3,2.9
210,6.3,2.9
210,6.3,2.9
210,6.3,2.9
210,6.3,2.9
210,6.3,2.9
210,6.3,2.9
210,6.3,2.9
210,6.3,2.9
210,6.3,2.9
210,6.3,2.9
210,6.3,2.9
210,6.3,2.9
210,6.3,2.9
210,6.3,2.9
210,6.3,2.9
210,6.3,2.9
201,5.9,2.9
201,5.9,2.9
201,5.9,2.9
201,5.9,2.9
201,5.9,2.9
201,5.9,2.9
201,5.9,2.9
201,5.9,2.9
201,5.9,2.9
201,5.9,2.9
201,5.9,2.9
201,5.9,2.9
201,5.9,2.9
201,5.9,2.9
201,5.9,2.9
201,5.9,2.9
201,5.9,2.9
201,5.9,2.9
202,6.2,3
202,6.2,3
202,6.2,3
202,6.2,3
202,6.2,3
202,6.2,3
202,6.2,3
202,6.2,3
202,6.2,3
202,6.2,3
202,6.2,3
202,6.2,3
202,6.2,3
202,6.2,3
202,6.2,3
202,6.2,3
202,6.2,3
202,6.2,3
203,6.1,3
203,6.1,3
203,6.1,3
203,6.1,3
203,6.1,3
203,6.1,3
203,6.1,3
203,6.1,3
203,6.1,3
203,6.1,3
203,6.1,3
203,6.1,3
203,6.1,3
203,6.1,3
203,6.1,3
203,6.1,3
203,6.1,3
203,6.1,3
204,6.4,2.8
204,6.4,2.8
204,6.4,2.8
204,6.4,2.8
204,6.4,2.8
204,6.4,2.8
204,6.4,2.8
204,6.4,2.8
204,6.4,2.8
204,6.4,2.8
204,6.4,2.8
204,6.4,2.8
204,6.4,2.8
204,6.4,2.8
204,6.4,2.8
204,6.4,2.8
204,6.4,2.8
204,6.4,2.8
205,6.1,2.8
205,6.1,2.8
205,6.1,2.8
205,6.1,2.8
205,6.1,2.8
205,6.1,2.8
205,6.1,2.8
205,6.1,2.8
205,6.1,2.8
205,6.1,2.8
205,6.1,2.8
205,6.1,2.8
205,6.1,2.8
205,6.1,2.8
205,6.1,2.8
205,6.1,2.8
205,6.1,2.8
205,6.1,2.8
206,6.3,2.6
206,6.3,2.6
206,6.3,2.6
206,6.3,2.6
206,6.3,2.6
206,6.3,2.6
206,6.3,2.6
206,6.3,2.6
206,6.3,2.6
206,6.3,2.6
206,6.3,2.6
206,6.3,2.6
206,6.3,2.6
206,6.3,2.6
206,6.3,2.6
206,6.3,2.6
206,6.3,2.6
206,6.3,2.6
207,6.3,2.6
207,6.3,2.6
207,6.3,2.6
207,6.3,2.6
207,6.3,2.6
207,6.3,2.6
207,6.3,2.6
207,6.3,2.6
207,6.3,2.6
207,6.3,2.6
207,6.3,2.6
207,6.3,2.6
207,6.3,2.6
207,6.3,2.6
207,6.3,2.6
207,6.3,2.6
207,6.3,2.6
207,6.3,2.6
208,6.4,2.9
208,6.4,2.9
208,6.4,2.9
208,6.4,2.9
208,6.4,2.9
208,6.4,2.9
208,6.4,2.9
208,6.4,2.9
208,6.4,2.9
208,6.4,2.9
208,6.4,2.9
208,6.4,2.9
208,6.4,2.9
208,6.4,2.9
208,6.4,2.9
208,6.4,2.9
208,6.4,2.9
208,6.4,2.9
209,6.4,2
209,6.4,2
209,6.4,2
209,6.4,2
209,6.4,2
209,6.4,2
209,6.4,2
209,6.4,2
209,6.4,2
209,6.4,2
209,6.4,2
209,6.4,2
209,6.4,2
209,6.4,2
209,6.4,2
209,6.4,2
209,6.4,2
209,6.4,2
210,6.4,2.4
210,6.4,2.4
210,6.4,2.4
210,6.4,2.4
210,6.4,2.4
210,6.4,2.4
210,6.4,2.4
210,6.4,2.4
210,6.4,2.4
210,6.4,2.4
210,6.4,2.4
210,6.4,2.4
210,6.4,2.4
210,6.4,2.4
210,6.4,2.4
210,6.4,2.4
210,6.4,2.4
210,6.4,2.4
201,6,2.6
201,6,2.6
201,6,2.6
201,6,2.6
201,6,2.6
201,6,2.6
201,6,2.6
201,6,2.6
201,6,2.6
201,6,2.6
201,6,2.6
201,6,2.6
201,6,2.6
201,6,2.6
201,6,2.6
201,6,2.6
201,6,2.6
201,6,2.6
202,6.2,2.8
202,6.2,2.8
202,6.2,2.8
202,6.2,2.8
202,6.2,2.8
202,6.2,2.8
202,6.2,2.8
202,6.2,2.8
202,6.2,2.8
202,6.2,2.8
202,6.2,2.8
202,6.2,2.8
202,6.2,2.8
202,6.2,2.8
202,6.2,2.8
202,6.2,2.8
202,6.2,2.8
202,6.2,2.8
203,6.2,2.8
203,6.2,2.8
203,6.2,2.8
203,6.2,2.8
203,6.2,2.8
203,6.2,2.8
203,6.2,2.8
203,6.2,2.8
203,6.2,2.8
203,6.2,2.8
203,6.2,2.8
203,6.2,2.8
203,6.2,2.8
203,6.2,2.8
203,6.2,2.8
203,6.2,2.8
203,6.2,2.8
203,6.2,2.8
204,6.3,2.6
204,6.3,2.6
204,6.3,2.6
204,6.3,2.6
204,6.3,2.6
204,6.3,2.6
204,6.3,2.6
204,6.3,2.6
204,6.3,2.6
204,6.3,2.6
204,6.3,2.6
204,6.3,2.6
204,6.3,2.6
204,6.3,2.6
204,6.3,2.6
204,6.3,2.6
204,6.3,2.6
204,6.3,2.6
205,6.2,2.5
205,6.2,2.5
205,6.2,2.5
205,6.2,2.5
205,6.2,2.5
205,6.2,2.5
205,6.2,2.5
205,6.2,2.5
205,6.2,2.5
205,6.2,2.5
205,6.2,2.5
205,6.2,2.5
205,6.2,2.5
205,6.2,2.5
205,6.2,2.5
205,6.2,2.5
205,6.2,2.5
205,6.2,2.5
206,6.3,2.5
206,6.3,2.5
206,6.3,2.5
206,6.3,2.5
206,6.3,2.5
206,6.3,2.5
206,6.3,2.5
206,6.3,2.5
206,6.3,2.5
206,6.3,2.5
206,6.3,2.5
206,6.3,2.5
206,6.3,2.5
206,6.3,2.5
206,6.3,2.5
206,6.3,2.5
206,6.3,2.5
206,6.3,2.5
207,6.3,2.5
207,6.3,2.5
207,6.3,2.5
207,6.3,2.5
207,6.3,2.5
207,6.3,2.5
207,6.3,2.5
207,6.3,2.5
207,6.3,2.5
207,6.3,2.5
207,6.3,2.5
207,6.3,2.5
207,6.3,2.5
207,6.3,2.5
207,6.3,2.5
207,6.3,2.5
207,6.3,2.5
207,6.3,2.5
208,6.4,2.6
208,6.4,2.6
208,6.4,2.6
208,6.4,2.6
208,6.4,2.6
208,6.4,2.6
208,6.4,2.6
208,6.4,2.6
208,6.4,2.6
208,6.4,2.6
208,6.4,2.6
208,6.4,2.6
208,6.4,2.6
208,6.4,2.6
208,6.4,2.6
208,6.4,2.6
208,6.4,2.6
208,6.4,2.6
209,6.3,2
209,6.3,2
209,6.3,2
209,6.3,2
209,6.3,2
209,6.3,2
209,6.3,2
209,6.3,2
209,6.3,2
209,6.3,2
209,6.3,2
209,6.3,2
209,6.3,2
209,6.3,2
209,6.3,2
209,6.3,2
209,6.3,2
209,6.3,2
210,6.3,2.8
210,6.3,2.8
210,6.3,2.8
210,6.3,2.8
210,6.3,2.8
210,6.3,2.8
210,6.3,2.8
210,6.3,2.8
210,6.3,2.8
210,6.3,2.8
210,6.3,2.8
210,6.3,2.8
210,6.3,2.8
210,6.3,2.8
210,6.3,2.8
210,6.3,2.8
210,6.3,2.8
210,6.3,2.8
201,6.2,2.8
201,6.2,2.8
201,6.2,2.8
201,6.2,2.8
201,6.2,2.8
201,6.2,2.8
201,6.2,2.8
201,6.2,2.8
201,6.2,2.8
201,6.2,2.8
201,6.2,2.8
201,6.2,2.8
201,6.2,2.8
201,6.2,2.8
201,6.2,2.8
201,6.2,2.8
201,6.2,2.8
201,6.2,2.8
202,6.6,3.2
202,6.6,3.2
202,6.6,3.2
202,6.6,3.2
202,6.6,3.2
202,6.6,3.2
202,6.6,3.2
202,6.6,3.2
202,6.6,3.2
202,6.6,3.2
202,6.6,3.2
202,6.6,3.2
202,6.6,3.2
202,6.6,3.2
202,6.6,3.2
202,6.6,3.2
202,6.6,3.2
202,6.6,3.2
203,6.5,3
203,6.5,3
203,6.5,3
203,6.5,3
203,6.5,3
203,6.5,3
203,6.5,3
203,6.5,3
203,6.5,3
203,6.5,3
203,6.5,3
203,6.5,3
203,6.5,3
203,6.5,3
203,6.5,3
203,6.5,3
203,6.5,3
203,6.5,3
204,6.8,3
204,6.8,3
204,6.8,3
204,6.8,3
204,6.8,3
204,6.8,3
204,6.8,3
204,6.8,3
204,6.8,3
204,6.8,3
204,6.8,3
204,6.8,3
204,6.8,3
204,6.8,3
204,6.8,3
204,6.8,3
204,6.8,3
204,6.8,3
205,6.3,2.6
205,6.3,2.6
205,6.3,2.6
205,6.3,2.6
205,6.3,2.6
205,6.3,2.6
205,6.3,2.6
205,6.3,2.6
205,6.3,2.6
205,6.3,2.6
205,6.3,2.6
205,6.3,2.6
205,6.3,2.6
205,6.3,2.6
205,6.3,2.6
205,6.3,2.6
205,6.3,2.6
205,6.3,2.6
206,6.7,2.8
206,6.7,2.8
206,6.7,2.8
206,6.7,2.8
206,6.7,2.8
206,6.7,2.8
206,6.7,2.8
206,6.7,2.8
206,6.7,2.8
206,6.7,2.8
206,6.7,2.8
206,6.7,2.8
206,6.7,2.8
206,6.7,2.8
206,6.7,2.8
206,6.7,2.8
206,6.7,2.8
206,6.7,2.8
207,6.6,2.7
207,6.6,2.7
207,6.6,2.7
207,6.6,2.7
207,6.6,2.7
207,6.6,2.7
207,6.6,2.7
207,6.6,2.7
207,6.6,2.7
207,6.6,2.7
207,6.6,2.7
207,6.6,2.7
207,6.6,2.7
207,6.6,2.7
207,6.6,2.7
207,6.6,2.7
207,6.6,2.7
207,6.6,2.7
208,6.7,3
208,6.7,3
208,6.7,3
208,6.7,3
208,6.7,3
208,6.7,3
208,6.7,3
208,6.7,3
208,6.7,3
208,6.7,3
208,6.7,3
208,6.7,3
208,6.7,3
208,6.7,3
208,6.7,3
208,6.7,3
208,6.7,3
208,6.7,3
209,6.7,2.3
209,6.7,2.3
209,6.7,2.3
209,6.7,2.3
209,6.7,2.3
209,6.7,2.3
209,6.7,2.3
209,6.7,2.3
209,6.7,2.3
209,6.7,2.3
209,6.7,2.3
209,6.7,2.3
209,6.7,2.3
209,6.7,2.3
209,6.7,2.3
209,6.7,2.3
209,6.7,2.3
209,6.7,2.3
210,6.6,3.3
210,6.6,3.3
210,6.6,3.3
210,6.6,3.3
210,6.6,3.3
210,6.6,3.3
210,6.6,3.3
210,6.6,3.3
210,6.6,3.3
210,6.6,3.3
210,6.6,3.3
210,6.6,3.3
210,6.6,3.3
210,6.6,3.3
210,6.6,3.3
210,6.6,3.3
210,6.6,3.3
210,6.6,3.3
201,6,2.9
201,6,2.9
201,6,2.9
201,6,2.9
201,6,2.9
201,6,2.9
201,6,2.9
201,6,2.9
201,6,2.9
201,6,2.9
201,6,2.9
201,6,2.9
201,6,2.9
201,6,2.9
201,6,2.9
201,6,2.9
201,6,2.9
201,6,2.9
202,6.2,3.4
202,6.2,3.4
202,6.2,3.4
202,6.2,3.4
202,6.2,3.4
202,6.2,3.4
202,6.2,3.4
202,6.2,3.4
202,6.2,3.4
202,6.2,3.4
202,6.2,3.4
202,6.2,3.4
202,6.2,3.4
202,6.2,3.4
202,6.2,3.4
202,6.2,3.4
202,6.2,3.4
202,6.2,3.4
203,6.3,3
203,6.3,3
203,6.3,3
203,6.3,3
203,6.3,3
203,6.3,3
203,6.3,3
203,6.3,3
203,6.3,3
203,6.3,3
203,6.3,3
203,6.3,3
203,6.3,3
203,6.3,3
203,6.3,3
203,6.3,3
203,6.3,3
203,6.3,3
204,6.4,3.1
204,6.4,3.1
204,6.4,3.1
204,6.4,3.1
204,6.4,3.1
204,6.4,3.1
204,6.4,3.1
204,6.4,3.1
204,6.4,3.1
204,6.4,3.1
204,6.4,3.1
204,6.4,3.1
204,6.4,3.1
204,6.4,3.1
204,6.4,3.1
204,6.4,3.1
204,6.4,3.1
204,6.4,3.1
205,6.2,2.7
205,6.2,2.7
205,6.2,2.7
205,6.2,2.7
205,6.2,2.7
205,6.2,2.7
205,6.2,2.7
205,6.2,2.7
205,6.2,2.7
205,6.2,2.7
205,6.2,2.7
205,6.2,2.7
205,6.2,2.7
205,6.2,2.7
205,6.2,2.7
205,6.2,2.7
205,6.2,2.7
205,6.2,2.7
206,6.3,2
206,6.3,2
206,6.3,2
206,6.3,2
206,6.3,2
206,6.3,2
206,6.3,2
206,6.3,2
206,6.3,2
206,6.3,2
206,6.3,2
206,6.3,2
206,6.3,2
206,6.3,2
206,6.3,2
206,6.3,2
206,6.3,2
206,6.3,2
207,6.3,2.9
207,6.3,2.9
207,6.3,2.9
207,6.3,2.9
207,6.3,2.9
207,6.3,2.9
207,6.3,2.9
207,6.3,2.9
207,6.3,2.9
207,6.3,2.9
207,6.3,2.9
207,6.3,2.9
207,6.3,2.9
207,6.3,2.9
207,6.3,2.9
207,6.3,2.9
207,6.3,2.9
207,6.3,2.9
208,6.4,3.1
208,6.4,3.1
208,6.4,3.1
208,6.4,3.1
208,6.4,3.1
208,6.4,3.1
208,6.4,3.1
208,6.4,3.1
208,6.4,3.1
208,6.4,3.1
208,6.4,3.1
208,6.4,3.1
208,6.4,3.1
208,6.4,3.1
208,6.4,3.1
208,6.4,3.1
208,6.4,3.1
208,6.4,3.1
209,6.4,2.3
209,6.4,2.3
209,6.4,2.3
209,6.4,2.3
209,6.4,2.3
209,6.4,2.3
209,6.4,2.3
209,6.4,2.3
209,6.4,2.3
209,6.4,2.3
209,6.4,2.3
209,6.4,2.3
209,6.4,2.3
209,6.4,2.3
209,6.4,2.3
209,6.4,2.3
209,6.4,2.3
209,6.4,2.3
210,6.4,3.4
210,6.4,3.4
210,6.4,3.4
210,6.4,3.4
210,6.4,3.4
210,6.4,3.4
210,6.4,3.4
210,6.4,3.4
210,6.4,3.4
210,6.4,3.4
210,6.4,3.4
210,6.4,3.4
210,6.4,3.4
210,6.4,3.4
210,6.4,3.4
210,6.4,3.4
210,6.4,3.4
210,6.4,3.4
201,6,2.3
201,6,2.3
201,6,2.3
201,6,2.3
201,6,2.3
201,6,2.3
201,6,2.3
201,6,2.3
201,6,2.3
201,6,2.3
201,6,2.3
201,6,2.3
201,6,2.3
201,6,2.3
201,6,2.3
201,6,2.3
201,6,2.3
201,6,2.3
202,6.3,2.6
202,6.3,2.6
202,6.3,2.6
202,6.3,2.6
202,6.3,2.6
202,6.3,2.6
202,6.3,2.6
202,6.3,2.6
202,6.3,2.6
202,6.3,2.6
202,6.3,2.6
202,6.3,2.6
202,6.3,2.6
202,6.3,2.6
202,6.3,2.6
202,6.3,2.6
202,6.3,2.6
202,6.3,2.6
203,6.3,2.3
203,6.3,2.3
203,6.3,2.3
203,6.3,2.3
203,6.3,2.3
203,6.3,2.3
203,6.3,2.3
203,6.3,2.3
203,6.3,2.3
203,6.3,2.3
203,6.3,2.3
203,6.3,2.3
203,6.3,2.3
203,6.3,2.3
203,6.3,2.3
203,6.3,2.3
203,6.3,2.3
203,6.3,2.3
204,6.5,2.4
204,6.5,2.4
204,6.5,2.4
204,6.5,2.4
204,6.5,2.4
204,6.5,2.4
204,6.5,2.4
204,6.5,2.4
204,6.5,2.4
204,6.5,2.4
204,6.5,2.4
204,6.5,2.4
204,6.5,2.4
204,6.5,2.4
204,6.5,2.4
204,6.5,2.4
204,6.5,2.4
204,6.5,2.4
205,6.2,2.1
205,6.2,2.1
205,6.2,2.1
205,6.2,2.1
205,6.2,2.1
205,6.2,2.1
205,6.2,2.1
205,6.2,2.1
205,6.2,2.1
205,6.2,2.1
205,6.2,2.1
205,6.2,2.1
205,6.2,2.1
205,6.2,2.1
205,6.2,2.1
205,6.2,2.1
205,6.2,2.1
205,6.2,2.1
206,6.4,2.3
206,6.4,2.3
206,6.4,2.3
206,6.4,2.3
206,6.4,2.3
206,6.4,2.3
206,6.4,2.3
206,6.4,2.3
206,6.4,2.3
206,6.4,2.3
206,6.4,2.3
206,6.4,2.3
206,6.4,2.3
206,6.4,2.3
206,6.4,2.3
206,6.4,2.3
206,6.4,2.3
206,6.4,2.3
207,6.4,2
207,6.4,2
207,6.4,2
207,6.4,2
207,6.4,2
207,6.4,2
207,6.4,2
207,6.4,2
207,6.4,2
207,6.4,2
207,6.4,2
207,6.4,2
207,6.4,2
207,6.4,2
207,6.4,2
207,6.4,2
207,6.4,2
207,6.4,2
208,6.5,2.5
208,6.5,2.5
208,6.5,2.5
208,6.5,2.5
208,6.5,2.5
208,6.5,2.5
208,6.5,2.5
208,6.5,2.5
208,6.5,2.5
208,6.5,2.5
208,6.5,2.5
208,6.5,2.5
208,6.5,2.5
208,6.5,2.5
208,6.5,2.5
208,6.5,2.5
208,6.5,2.5
208,6.5,2.5
209,6.4,1.8
209,6.4,1.8
209,6.4,1.8
209,6.4,1.8
209,6.4,1.8
209,6.4,1.8
209,6.4,1.8
209,6.4,1.8
209,6.4,1.8
209,6.4,1.8
209,6.4,1.8
209,6.4,1.8
209,6.4,1.8
209,6.4,1.8
209,6.4,1.8
209,6.4,1.8
209,6.4,1.8
209,6.4,1.8
210,6.4,2.6
210,6.4,2.6
210,6.4,2.6
210,6.4,2.6
210,6.4,2.6
210,6.4,2.6
210,6.4,2.6
210,6.4,2.6
210,6.4,2.6
210,6.4,2.6
210,6.4,2.6
210,6.4,2.6
210,6.4,2.6
210,6.4,2.6
210,6.4,2.6
210,6.4,2.6
210,6.4,2.6
210,6.4,2.6
201,5.9,2.3
201,5.9,2.3
201,5.9,2.3
201,5.9,2.3
201,5.9,2.3
201,5.9,2.3
201,5.9,2.3
201,5.9,2.3
201,5.9,2.3
201,5.9,2.3
201,5.9,2.3
201,5.9,2.3
201,5.9,2.3
201,5.9,2.3
201,5.9,2.3
201,5.9,2.3
201,5.9,2.3
201,5.9,2.3
202,6.3,2.7
202,6.3,2.7
202,6.3,2.7
202,6.3,2.7
202,6.3,2.7
202,6.3,2.7
202,6.3,2.7
202,6.3,2.7
202,6.3,2.7
202,6.3,2.7
202,6.3,2.7
202,6.3,2.7
202,6.3,2.7
202,6.3,2.7
202,6.3,2.7
202,6.3,2.7
202,6.3,2.7
202,6.3,2.7
203,6.3,2.4
203,6.3,2.4
203,6.3,2.4
203,6.3,2.4
203,6.3,2.4
203,6.3,2.4
203,6.3,2.4
203,6.3,2.4
203,6.3,2.4
203,6.3,2.4
203,6.3,2.4
203,6.3,2.4
203,6.3,2.4
203,6.3,2.4
203,6.3,2.4
203,6.3,2.4
203,6.3,2.4
203,6.3,2.4
204,6.5,2.4
204,6.5,2.4
204,6.5,2.4
204,6.5,2.4
204,6.5,2.4
204,6.5,2.4
204,6.5,2.4
204,6.5,2.4
204,6.5,2.4
204,6.5,2.4
204,6.5,2.4
204,6.5,2.4
204,6.5,2.4
204,6.5,2.4
204,6.5,2.4
204,6.5,2.4
204,6.5,2.4
204,6.5,2.4
205,6.2,2.2
205,6.2,2.2
205,6.2,2.2
205,6.2,2.2
205,6.2,2.2
205,6.2,2.2
205,6.2,2.2
205,6.2,2.2
205,6.2,2.2
205,6.2,2.2
205,6.2,2.2
205,6.2,2.2
205,6.2,2.2
205,6.2,2.2
205,6.2,2.2
205,6.2,2.2
205,6.2,2.2
205,6.2,2.2
206,6.3,2.4
206,6.3,2.4
206,6.3,2.4
206,6.3,2.4
206,6.3,2.4
206,6.3,2.4
206,6.3,2.4
206,6.3,2.4
206,6.3,2.4
206,6.3,2.4
206,6.3,2.4
206,6.3,2.4
206,6.3,2.4
206,6.3,2.4
206,6.3,2.4
206,6.3,2.4
206,6.3,2.4
206,6.3,2.4
207,6.4,2
207,6.4,2
207,6.4,2
207,6.4,2
207,6.4,2
207,6.4,2
207,6.4,2
207,6.4,2
207,6.4,2
207,6.4,2
207,6.4,2
207,6.4,2
207,6.4,2
207,6.4,2
207,6.4,2
207,6.4,2
207,6.4,2
207,6.4,2
208,6.4,2.5
208,6.4,2.5
208,6.4,2.5
208,6.4,2.5
208,6.4,2.5
208,6.4,2.5
208,6.4,2.5
208,6.4,2.5
208,6.4,2.5
208,6.4,2.5
208,6.4,2.5
208,6.4,2.5
208,6.4,2.5
208,6.4,2.5
208,6.4,2.5
208,6.4,2.5
208,6.4,2.5
208,6.4,2.5
209,6.4,1.8
209,6.4,1.8
209,6.4,1.8
209,6.4,1.8
209,6.4,1.8
209,6.4,1.8
209,6.4,1.8
209,6.4,1.8
209,6.4,1.8
209,6.4,1.8
209,6.4,1.8
209,6.4,1.8
209,6.4,1.8
209,6.4,1.8
209,6.4,1.8
209,6.4,1.8
209,6.4,1.8
209,6.4,1.8
210,6.3,2.3
210,6.3,2.3
210,6.3,2.3
210,6.3,2.3
210,6.3,2.3
210,6.3,2.3
210,6.3,2.3
210,6.3,2.3
210,6.3,2.3
210,6.3,2.3
210,6.3,2.3
210,6.3,2.3
210,6.3,2.3
210,6.3,2.3
210,6.3,2.3
210,6.3,2.3
210,6.3,2.3
210,6.3,2.3
201,6.3,2.5
201,6.3,2.5
201,6.3,2.5
201,6.3,2.5
201,6.3,2.5
201,6.3,2.5
201,6.3,2.5
201,6.3,2.5
201,6.3,2.5
201,6.3,2.5
201,6.3,2.5
201,6.3,2.5
201,6.3,2.5
201,6.3,2.5
201,6.3,2.5
201,6.3,2.5
201,6.3,2.5
201,6.3,2.5
202,6.6,3.7
202,6.6,3.7
202,6.6,3.7
202,6.6,3.7
202,6.6,3.7
202,6.6,3.7
202,6.6,3.7
202,6.6,3.7
202,6.6,3.7
202,6.6,3.7
202,6.6,3.7
202,6.6,3.7
202,6.6,3.7
202,6.6,3.7
202,6.6,3.7
202,6.6,3.7
202,6.6,3.7
202,6.6,3.7
203,6.8,2.6
203,6.8,2.6
203,6.8,2.6
203,6.8,2.6
203,6.8,2.6
203,6.8,2.6
203,6.8,2.6
203,6.8,2.6
203,6.8,2.6
203,6.8,2.6
203,6.8,2.6
203,6.8,2.6
203,6.8,2.6
203,6.8,2.6
203,6.8,2.6
203,6.8,2.6
203,6.8,2.6
203,6.8,2.6
204,6.9,3.1
204,6.9,3.1
204,6.9,3.1
204,6.9,3.1
204,6.9,3.1
204,6.9,3.1
204,6.9,3.1
204,6.9,3.1
204,6.9,3.1
204,6.9,3.1
204,6.9,3.1
204,6.9,3.1
204,6.9,3.1
204,6.9,3.1
204,6.9,3.1
204,6.9,3.1
204,6.9,3.1
204,6.9,3.1
205,6.4,2.4
205,6.4,2.4
205,6.4,2.4
205,6.4,2.4
205,6.4,2.4
205,6.4,2.4
205,6.4,2.4
205,6.4,2.4
205,6.4,2.4
205,6.4,2.4
205,6.4,2.4
205,6.4,2.4
205,6.4,2.4
205,6.4,2.4
205,6.4,2.4
205,6.4,2.4
205,6.4,2.4
205,6.4,2.4
206,6.7,3
206,6.7,3
206,6.7,3
206,6.7,3
206,6.7,3
206,6.7,3
206,6.7,3
206,6.7,3
206,6.7,3
206,6.7,3
206,6.7,3
206,6.7,3
206,6.7,3
206,6.7,3
206,6.7,3
206,6.7,3
206,6.7,3
206,6.7,3
207,6.9,2.3
207,6.9,2.3
207,6.9,2.3
207,6.9,2.3
207,6.9,2.3
207,6.9,2.3
207,6.9,2.3
207,6.9,2.3
207,6.9,2.3
207,6.9,2.3
207,6.9,2.3
207,6.9,2.3
207,6.9,2.3
207,6.9,2.3
207,6.9,2.3
207,6.9,2.3
207,6.9,2.3
207,6.9,2.3
208,7,3.2
208,7,3.2
208,7,3.2
208,7,3.2
208,7,3.2
208,7,3.2
208,7,3.2
208,7,3.2
208,7,3.2
208,7,3.2
208,7,3.2
208,7,3.2
208,7,3.2
208,7,3.2
208,7,3.2
208,7,3.2
208,7,3.2
208,7,3.2
209,7,2.1
209,7,2.1
209,7,2.1
209,7,2.1
209,7,2.1
209,7,2.1
209,7,2.1
209,7,2.1
209,7,2.1
209,7,2.1
209,7,2.1
209,7,2.1
209,7,2.1
209,7,2.1
209,7,2.1
209,7,2.1
209,7,2.1
209,7,2.1
210,6.9,3.1
210,6.9,3.1
210,6.9,3.1
210,6.9,3.1
210,6.9,3.1
210,6.9,3.1
210,6.9,3.1
210,6.9,3.1
210,6.9,3.1
210,6.9,3.1
210,6.9,3.1
210,6.9,3.1
210,6.9,3.1
210,6.9,3.1
210,6.9,3.1
210,6.9,3.1
210,6.9,3.1
210,6.9,3.1
201,5.8,3.6
201,5.8,3.6
201,5.8,3.6
201,5.8,3.6
201,5.8,3.6
201,5.8,3.6
201,5.8,3.6
201,5.8,3.6
201,5.8,3.6
201,5.8,3.6
201,5.8,3.6
201,5.8,3.6
201,5.8,3.6
201,5.8,3.6
201,5.8,3.6
201,5.8,3.6
201,5.8,3.6
201,5.8,3.6
202,6.2,3.6
202,6.2,3.6
202,6.2,3.6
202,6.2,3.6
202,6.2,3.6
202,6.2,3.6
202,6.2,3.6
202,6.2,3.6
202,6.2,3.6
202,6.2,3.6
202,6.2,3.6
202,6.2,3.6
202,6.2,3.6
202,6.2,3.6
202,6.2,3.6
202,6.2,3.6
202,6.2,3.6
202,6.2,3.6
203,6.2,2.7
203,6.2,2.7
203,6.2,2.7
203,6.2,2.7
203,6.2,2.7
203,6.2,2.7
203,6.2,2.7
203,6.2,2.7
203,6.2,2.7
203,6.2,2.7
203,6.2,2.7
203,6.2,2.7
203,6.2,2.7
203,6.2,2.7
203,6.2,2.7
203,6.2,2.7
203,6.2,2.7
203,6.2,2.7
204,6.4,3
204,6.4,3
204,6.4,3
204,6.4,3
204,6.4,3
204,6.4,3
204,6.4,3
204,6.4,3
204,6.4,3
204,6.4,3
204,6.4,3
204,6.4,3
204,6.4,3
204,6.4,3
204,6.4,3
204,6.4,3
204,6.4,3
204,6.4,3
205,5.9,2.4
205,5.9,2.4
205,5.9,2.4
205,5.9,2.4
205,5.9,2.4
205,5.9,2.4
205,5.9,2.4
205,5.9,2.4
205,5.9,2.4
205,5.9,2.4
205,5.9,2.4
205,5.9,2.4
205,5.9,2.4
205,5.9,2.4
205,5.9,2.4
205,5.9,2.4
205,5.9,2.4
205,5.9,2.4
206,6,2.5
206,6,2.5
206,6,2.5
206,6,2.5
206,6,2.5
206,6,2.5
206,6,2.5
206,6,2.5
206,6,2.5
206,6,2.5
206,6,2.5
206,6,2.5
206,6,2.5
206,6,2.5
206,6,2.5
206,6,2.5
206,6,2.5
206,6,2.5
207,6.2,2.4
207,6.2,2.4
207,6.2,2.4
207,6.2,2.4
207,6.2,2.4
207,6.2,2.4
207,6.2,2.4
207,6.2,2.4
207,6.2,2.4
207,6.2,2.4
207,6.2,2.4
207,6.2,2.4
207,6.2,2.4
207,6.2,2.4
207,6.2,2.4
207,6.2,2.4
207,6.2,2.4
207,6.2,2.4
208,6.2,3
208,6.2,3
208,6.2,3
208,6.2,3
208,6.2,3
208,6.2,3
208,6.2,3
208,6.2,3
208,6.2,3
208,6.2,3
208,6.2,3
208,6.2,3
208,6.2,3
208,6.2,3
208,6.2,3
208,6.2,3
208,6.2,3
208,6.2,3
209,6.2,2.2
209,6.2,2.2
209,6.2,2.2
209,6.2,2.2
209,6.2,2.2
209,6.2,2.2
209,6.2,2.2
209,6.2,2.2
209,6.2,2.2
209,6.2,2.2
209,6.2,2.2
209,6.2,2.2
209,6.2,2.2
209,6.2,2.2
209,6.2,2.2
209,6.2,2.2
209,6.2,2.2
209,6.2,2.2
210,6.2,2.9
210,6.2,2.9
210,6.2,2.9
210,6.2,2.9
210,6.2,2.9
210,6.2,2.9
210,6.2,2.9
210,6.2,2.9
210,6.2,2.9
210,6.2,2.9
210,6.2,2.9
210,6.2,2.9
210,6.2,2.9
210,6.2,2.9
210,6.2,2.9
210,6.2,2.9
210,6.2,2.9
210,6.2,2.9
201,6.3,2
201,6.3,2
201,6.3,2
201,6.3,2
201,6.3,2
201,6.3,2
201,6.3,2
201,6.3,2
201,6.3,2
201,6.3,2
201,6.3,2
201,6.3,2
201,6.3,2
201,6.3,2
201,6.3,2
201,6.3,2
201,6.3,2
201,6.3,2
202,6,2.1
202,6,2.1
202,6,2.1
202,6,2.1
202,6,2.1
202,6,2.1
202,6,2.1
202,6,2.1
202,6,2.1
202,6,2.1
202,6,2.1
202,6,2.1
202,6,2.1
202,6,2.1
202,6,2.1
202,6,2.1
202,6,2.1
202,6,2.1
203,6,1.9
203,6,1.9
203,6,1.9
203,6,1.9
203,6,1.9
203,6,1.9
203,6,1.9
203,6,1.9
203,6,1.9
203,6,1.9
203,6,1.9
203,6,1.9
203,6,1.9
203,6,1.9
203,6,1.9
203,6,1.9
203,6,1.9
203,6,1.9
204,6,2.1
204,6,2.1
204,6,2.1
204,6,2.1
204,6,2.1
204,6,2.1
204,6,2.1
204,6,2.1
204,6,2.1
204,6,2.1
204,6,2.1
204,6,2.1
204,6,2.1
204,6,2.1
204,6,2.1
204,6,2.1
204,6,2.1
204,6,2.1
205,5.9,2
205,5.9,2
205,5.9,2
205,5.9,2
205,5.9,2
205,5.9,2
205,5.9,2
205,5.9,2
205,5.9,2
205,5.9,2
205,5.9,2
205,5.9,2
205,5.9,2
205,5.9,2
205,5.9,2
205,5.9,2
205,5.9,2
205,5.9,2
206,6,2.1
206,6,2.1
206,6,2.1
206,6,2.1
206,6,2.1
206,6,2.1
206,6,2.1
206,6,2.1
206,6,2.1
206,6,2.1
206,6,2.1
206,6,2.1
206,6,2.1
206,6,2.1
206,6,2.1
206,6,2.1
206,6,2.1
206,6,2.1
207,6,2
207,6,2
207,6,2
207,6,2
207,6,2
207,6,2
207,6,2
207,6,2
207,6,2
207,6,2
207,6,2
207,6,2
207,6,2
207,6,2
207,6,2
207,6,2
207,6,2
207,6,2
208,6,2.1
208,6,2.1
208,6,2.1
208,6,2.1
208,6,2.1
208,6,2.1
208,6,2.1
208,6,2.1
208,6,2.1
208,6,2.1
208,6,2.1
208,6,2.1
208,6,2.1
208,6,2.1
208,6,2.1
208,6,2.1
208,6,2.1
208,6,2.1
209,6,2
209,6,2
209,6,2
209,6,2
209,6,2
209,6,2
209,6,2
209,6,2
209,6,2
209,6,2
209,6,2
209,6,2
209,6,2
209,6,2
209,6,2
209,6,2
209,6,2
209,6,2
210,6,2.1
210,6,2.1
210,6,2.1
210,6,2.1
210,6,2.1
210,6,2.1
210,6,2.1
210,6,2.1
210,6,2.1
210,6,2.1
210,6,2.1
210,6,2.1
210,6,2.1
210,6,2.1
210,6,2.1
210,6,2.1
210,6,2.1
210,6,2.1
201,6,2
201,6,2
201,6,2
201,6,2
201,6,2
201,6,2
201,6,2
201,6,2
201,6,2
201,6,2
201,6,2
201,6,2
201,6,2
201,6,2
201,6,2
201,6,2
201,6,2
201,6,2
202,6,2.1
202,6,2.1
202,6,2.1
202,6,2.1
202,6,2.1
202,6,2.1
202,6,2.1
202,6,2.1
202,6,2.1
202,6,2.1
202,6,2.1
202,6,2.1
202,6,2.1
202,6,2.1
202,6,2.1
202,6,2.1
202,6,2.1
202,6,2.1
203,6,1.9
203,6,1.9
203,6,1.9
203,6,1.9
203,6,1.9
203,6,1.9
203,6,1.9
203,6,1.9
203,6,1.9
203,6,1.9
203,6,1.9
203,6,1.9
203,6,1.9
203,6,1.9
203,6,1.9
203,6,1.9
203,6,1.9
203,6,1.9
204,5.9,2.1
204,5.9,2.1
204,5.9,2.1
204,5.9,2.1
204,5.9,2.1
204,5.9,2.1
204,5.9,2.1
204,5.9,2.1
204,5.9,2.1
204,5.9,2.1
204,5.9,2.1
204,5.9,2.1
204,5.9,2.1
204,5.9,2.1
204,5.9,2.1
204,5.9,2.1
204,5.9,2.1
204,5.9,2.1
205,5.9,2
205,5.9,2
205,5.9,2
205,5.9,2
205,5.9,2
205,5.9,2
205,5.9,2
205,5.9,2
205,5.9,2
205,5.9,2
205,5.9,2
205,5.9,2
205,5.9,2
205,5.9,2
205,5.9,2
205,5.9,2
205,5.9,2
205,5.9,2
206,5.9,2.1
206,5.9,2.1
206,5.9,2.1
206,5.9,2.1
206,5.9,2.1
206,5.9,2.1
206,5.9,2.1
206,5.9,2.1
206,5.9,2.1
206,5.9,2.1
206,5.9,2.1
206,5.9,2.1
206,5.9,2.1
206,5.9,2.1
206,5.9,2.1
206,5.9,2.1
206,5.9,2.1
206,5.9,2.1
207,5.9,2
207,5.9,2
207,5.9,2
207,5.9,2
207,5.9,2
207,5.9,2
207,5.9,2
207,5.9,2
207,5.9,2
207,5.9,2
207,5.9,2
207,5.9,2
207,5.9,2
207,5.9,2
207,5.9,2
207,5.9,2
207,5.9,2
207,5.9,2
208,5.9,2.1
208,5.9,2.1
208,5.9,2.1
208,5.9,2.1
208,5.9,2.1
208,5.9,2.1
208,5.9,2.1
208,5.9,2.1
208,5.9,2.1
208,5.9,2.1
208,5.9,2.1
208,5.9,2.1
208,5.9,2.1
208,5.9,2.1
208,5.9,2.1
208,5.9,2.1
208,5.9,2.1
208,5.9,2.1
209,5.9,2
209,5.9,2
209,5.9,2
209,5.9,2
209,5.9,2
209,5.9,2
209,5.9,2
209,5.9,2
209,5.9,2
209,5.9,2
209,5.9,2
209,5.9,2
209,5.9,2
209,5.9,2
209,5.9,2
209,5.9,2
209,5.9,2
209,5.9,2
210,6,2.1
210,6,2.1
210,6,2.1
210,6,2.1
210,6,2.1
210,6,2.1
210,6,2.1
210,6,2.1
210,6,2.1
210,6,2.1
210,6,2.1
210,6,2.1
210,6,2.1
210,6,2.1
210,6,2.1
210,6,2.1
210,6,2.1
210,6,2.1
201,6,2
201,6,2
201,6,2
201,6,2
201,6,2
201,6,2
201,6,2
201,6,2
201,6,2
201,6,2
201,6,2
201,6,2
201,6,2
201,6,2
201,6,2
201,6,2
201,6,2
201,6,2
202,6.1,2.1
202,6.1,2.1
202,6.1,2.1
202,6.1,2.1
202,6.1,2.1
202,6.1,2.1
202,6.1,2.1
202,6.1,2.1
202,6.1,2.1
202,6.1,2.1
202,6.1,2.1
202,6.1,2.1
202,6.1,2.1
202,6.1,2.1
202,6.1,2.1
202,6.1,2.1
202,6.1,2.1
202,6.1,2.1
203,6.1,1.9
203,6.1,1.9
203,6.1,1.9
203,6.1,1.9
203,6.1,1.9
203,6.1,1.9
203,6.1,1.9
203,6.1,1.9
203,6.1,1.9
203,6.1,1.9
203,6.1,1.9
203,6.1,1.9
203,6.1,1.9
203,6.1,1.9
203,6.1,1.9
203,6.1,1.9
203,6.1,1.9
203,6.1,1.9
204,5.9,2.1
204,5.9,2.1
204,5.9,2.1
204,5.9,2.1
204,5.9,2.1
204,5.9,2.1
204,5.9,2.1
204,5.9,2.1
204,5.9,2.1
204,5.9,2.1
204,5.9,2.1
204,5.9,2.1
204,5.9,2.1
204,5.9,2.1
204,5.9,2.1
204,5.9,2.1
204,5.9,2.1
204,5.9,2.1
205,5.9,2
205,5.9,2
205,5.9,2
205,5.9,2
205,5.9,2
205,5.9,2
205,5.9,2
205,5.9,2
205,5.9,2
205,5.9,2
205,5.9,2
205,5.9,2
205,5.9,2
205,5.9,2
205,5.9,2
205,5.9,2
205,5.9,2
205,5.9,2
206,5.9,2.1
206,5.9,2.1
206,5.9,2.1
206,5.9,2.1
206,5.9,2.1
206,5.9,2.1
206,5.9,2.1
206,5.9,2.1
206,5.9,2.1
206,5.9,2.1
206,5.9,2.1
206,5.9,2.1
206,5.9,2.1
206,5.9,2.1
206,5.9,2.1
206,5.9,2.1
206,5.9,2.1
206,5.9,2.1
207,5.9,2.1
207,5.9,2.1
207,5.9,2.1
207,5.9,2.1
207,5.9,2.1
207,5.9,2.1
207,5.9,2.1
207,5.9,2.1
207,5.9,2.1
207,5.9,2.1
207,5.9,2.1
207,5.9,2.1
207,5.9,2.1
207,5.9,2.1
207,5.9,2.1
207,5.9,2.1
207,5.9,2.1
207,5.9,2.1
208,5.9,2.1
208,5.9,2.1
208,5.9,2.1
208,5.9,2.1
208,5.9,2.1
208,5.9,2.1
208,5.9,2.1
208,5.9,2.1
208,5.9,2.1
208,5.9,2.1
208,5.9,2.1
208,5.9,2.1
208,5.9,2.1
208,5.9,2.1
208,5.9,2.1
208,5.9,2.1
208,5.9,2.1
208,5.9,2.1
209,6,2
209,6,2
209,6,2
209,6,2
209,6,2
209,6,2
209,6,2
209,6,2
209,6,2
209,6,2
209,6,2
209,6,2
209,6,2
209,6,2
209,6,2
209,6,2
209,6,2
209,6,2
210,5.9,2.1
210,5.9,2.1
210,5.9,2.1
210,5.9,2.1
210,5.9,2.1
210,5.9,2.1
210,5.9,2.1
210,5.9,2.1
210,5.9,2.1
210,5.9,2.1
210,5.9,2.1
210,5.9,2.1
210,5.9,2.1
210,5.9,2.1
210,5.9,2.1
210,5.9,2.1
210,5.9,2.1
210,5.9,2.1
201,6,2
201,6,2
201,6,2
201,6,2
201,6,2
201,6,2
201,6,2
201,6,2
201,6,2
201,6,2
201,6,2
201,6,2
201,6,2
201,6,2
201,6,2
201,6,2
201,6,2
201,6,2
202,6,2.1
202,6,2.1
202,6,2.1
202,6,2.1
202,6,2.1
202,6,2.1
202,6,2.1
202,6,2.1
202,6,2.1
202,6,2.1
202,6,2.1
202,6,2.1
202,6,2.1
202,6,2.1
202,6,2.1
202,6,2.1
202,6,2.1
202,6,2.1
203,6,1.9
203,6,1.9
203,6,1.9
203,6,1.9
203,6,1.9
203,6,1.9
203,6,1.9
203,6,1.9
203,6,1.9
203,6,1.9
203,6,1.9
203,6,1.9
203,6,1.9
203,6,1.9
203,6,1.9
203,6,1.9
203,6,1.9
203,6,1.9
204,5.9,2.1
204,5.9,2.1
204,5.9,2.1
204,5.9,2.1
204,5.9,2.1
204,5.9,2.1
204,5.9,2.1
204,5.9,2.1
204,5.9,2.1
204,5.9,2.1
204,5.9,2.1
204,5.9,2.1
204,5.9,2.1
204,5.9,2.1
204,5.9,2.1
204,5.9,2.1
204,5.9,2.1
204,5.9,2.1
205,5.9,2
205,5.9,2
205,5.9,2
205,5.9,2
205,5.9,2
205,5.9,2
205,5.9,2
205,5.9,2
205,5.9,2
205,5.9,2
205,5.9,2
205,5.9,2
205,5.9,2
205,5.9,2
205,5.9,2
205,5.9,2
205,5.9,2
205,5.9,2
206,5.9,2.1
206,5.9,2.1
206,5.9,2.1
206,5.9,2.1
206,5.9,2.1
206,5.9,2.1
206,5.9,2.1
206,5.9,2.1
206,5.9,2.1
206,5.9,2.1
206,5.9,2.1
206,5.9,2.1
206,5.9,2.1
206,5.9,2.1
206,5.9,2.1
206,5.9,2.1
206,5.9,2.1
206,5.9,2.1
207,5.9,2
207,5.9,2
207,5.9,2
207,5.9,2
207,5.9,2
207,5.9,2
207,5.9,2
207,5.9,2
207,5.9,2
207,5.9,2
207,5.9,2
207,5.9,2
207,5.9,2
207,5.9,2
207,5.9,2
207,5.9,2
207,5.9,2
207,5.9,2
208,5.9,2.1
208,5.9,2.1
208,5.9,2.1
208,5.9,2.1
208,5.9,2.1
208,5.9,2.1
208,5.9,2.1
208,5.9,2.1
208,5.9,2.1
208,5.9,2.1
208,5.9,2.1
208,5.9,2.1
208,5.9,2.1
208,5.9,2.1
208,5.9,2.1
208,5.9,2.1
208,5.9,2.1
208,5.9,2.1
209,5.9,2
209,5.9,2
209,5.9,2
209,5.9,2
209,5.9,2
209,5.9,2
209,5.9,2
209,5.9,2
209,5.9,2
209,5.9,2
209,5.9,2
209,5.9,2
209,5.9,2
209,5.9,2
209,5.9,2
209,5.9,2
209,5.9,2
209,5.9,2
210,5.9,2.1
210,5.9,2.1
210,5.9,2.1
210,5.9,2.1
210,5.9,2.1
210,5.9,2.1
210,5.9,2.1
210,5.9,2.1
210,5.9,2.1
210,5.9,2.1
210,5.9,2.1
210,5.9,2.1
210,5.9,2.1
210,5.9,2.1
210,5.9,2.1
210,5.9,2.1
210,5.9,2.1
210,5.9,2.1
201,5.9,2
201,5.9,2
201,5.9,2
201,5.9,2
201,5.9,2
201,5.9,2
201,5.9,2
201,5.9,2
201,5.9,2
201,5.9,2
201,5.9,2
201,5.9,2
201,5.9,2
201,5.9,2
201,5.9,2
201,5.9,2
201,5.9,2
201,5.9,2
202,6.1,2.1
202,6.1,2.1
202,6.1,2.1
202,6.1,2.1
202,6.1,2.1
202,6.1,2.1
202,6.1,2.1
202,6.1,2.1
202,6.1,2.1
202,6.1,2.1
202,6.1,2.1
202,6.1,2.1
202,6.1,2.1
202,6.1,2.1
202,6.1,2.1
202,6.1,2.1
202,6.1,2.1
202,6.1,2.1
203,6,1.9
203,6,1.9
203,6,1.9
203,6,1.9
203,6,1.9
203,6,1.9
203,6,1.9
203,6,1.9
203,6,1.9
203,6,1.9
203,6,1.9
203,6,1.9
203,6,1.9
203,6,1.9
203,6,1.9
203,6,1.9
203,6,1.9
203,6,1.9
204,5.9,2.1
204,5.9,2.1
204,5.9,2.1
204,5.9,2.1
204,5.9,2.1
204,5.9,2.1
204,5.9,2.1
204,5.9,2.1
204,5.9,2.1
204,5.9,2.1
204,5.9,2.1
204,5.9,2.1
204,5.9,2.1
204,5.9,2.1
204,5.9,2.1
204,5.9,2.1
204,5.9,2.1
204,5.9,2.1
205,5.9,2
205,5.9,2
205,5.9,2
205,5.9,2
205,5.9,2
205,5.9,2
205,5.9,2
205,5.9,2
205,5.9,2
205,5.9,2
205,5.9,2
205,5.9,2
205,5.9,2
205,5.9,2
205,5.9,2
205,5.9,2
205,5.9,2
205,5.9,2
206,5.9,2.1
206,5.9,2.1
206,5.9,2.1
206,5.9,2.1
206,5.9,2.1
206,5.9,2.1
206,5.9,2.1
206,5.9,2.1
206,5.9,2.1
206,5.9,2.1
206,5.9,2.1
206,5.9,2.1
206,5.9,2.1
206,5.9,2.1
206,5.9,2.1
206,5.9,2.1
206,5.9,2.1
206,5.9,2.1
207,5.9,2
207,5.9,2
207,5.9,2
207,5.9,2
207,5.9,2
207,5.9,2
207,5.9,2
207,5.9,2
207,5.9,2
207,5.9,2
207,5.9,2
207,5.9,2
207,5.9,2
207,5.9,2
207,5.9,2
207,5.9,2
207,5.9,2
207,5.9,2
208,5.9,2.1
208,5.9,2.1
208,5.9,2.1
208,5.9,2.1
208,5.9,2.1
208,5.9,2.1
208,5.9,2.1
208,5.9,2.1
208,5.9,2.1
208,5.9,2.1
208,5.9,2.1
208,5.9,2.1
208,5.9,2.1
208,5.9,2.1
208,5.9,2.1
208,5.9,2.1
208,5.9,2.1
208,5.9,2.1
209,6,2
209,6,2
209,6,2
209,6,2
209,6,2
209,6,2
209,6,2
209,6,2
209,6,2
209,6,2
209,6,2
209,6,2
209,6,2
209,6,2
209,6,2
209,6,2
209,6,2
209,6,2
210,5.9,2.1
210,5.9,2.1
210,5.9,2.1
210,5.9,2.1
210,5.9,2.1
210,5.9,2.1
210,5.9,2.1
210,5.9,2.1
210,5.9,2.1
210,5.9,2.1
210,5.9,2.1
210,5.9,2.1
210,5.9,2.1
210,5.9,2.1
210,5.9,2.1
210,5.9,2.1
210,5.9,2.1
210,5.9,2.1
201,5.8,2.2
201,5.8,2.2
201,5.8,2.2
201,5.8,2.2
201,5.8,2.2
201,5.8,2.2
201,5.8,2.2
201,5.8,2.2
201,5.8,2.2
201,5.8,2.2
201,5.8,2.2
201,5.8,2.2
201,5.8,2.2
201,5.8,2.2
201,5.8,2.2
201,5.8,2.2
201,5.8,2.2
201,5.8,2.2
202,5.8,2.3
202,5.8,2.3
202,5.8,2.3
202,5.8,2.3
202,5.8,2.3
202,5.8,2.3
202,5.8,2.3
202,5.8,2.3
202,5.8,2.3
202,5.8,2.3
202,5.8,2.3
202,5.8,2.3
202,5.8,2.3
202,5.8,2.3
202,5.8,2.3
202,5.8,2.3
202,5.8,2.3
202,5.8,2.3
203,5.9,2.1
203,5.9,2.1
203,5.9,2.1
203,5.9,2.1
203,5.9,2.1
203,5.9,2.1
203,5.9,2.1
203,5.9,2.1
203,5.9,2.1
203,5.9,2.1
203,5.9,2.1
203,5.9,2.1
203,5.9,2.1
203,5.9,2.1
203,5.9,2.1
203,5.9,2.1
203,5.9,2.1
203,5.9,2.1
204,5.9,2.4
204,5.9,2.4
204,5.9,2.4
204,5.9,2.4
204,5.9,2.4
204,5.9,2.4
204,5.9,2.4
204,5.9,2.4
204,5.9,2.4
204,5.9,2.4
204,5.9,2.4
204,5.9,2.4
204,5.9,2.4
204,5.9,2.4
204,5.9,2.4
204,5.9,2.4
204,5.9,2.4
204,5.9,2.4
205,5.9,2.2
205,5.9,2.2
205,5.9,2.2
205,5.9,2.2
205,5.9,2.2
205,5.9,2.2
205,5.9,2.2
205,5.9,2.2
205,5.9,2.2
205,5.9,2.2
205,5.9,2.2
205,5.9,2.2
205,5.9,2.2
205,5.9,2.2
205,5.9,2.2
205,5.9,2.2
205,5.9,2.2
205,5.9,2.2
206,5.9,2.4
206,5.9,2.4
206,5.9,2.4
206,5.9,2.4
206,5.9,2.4
206,5.9,2.4
206,5.9,2.4
206,5.9,2.4
206,5.9,2.4
206,5.9,2.4
206,5.9,2.4
206,5.9,2.4
206,5.9,2.4
206,5.9,2.4
206,5.9,2.4
206,5.9,2.4
206,5.9,2.4
206,5.9,2.4
207,5.9,2.2
207,5.9,2.2
207,5.9,2.2
207,5.9,2.2
207,5.9,2.2
207,5.9,2.2
207,5.9,2.2
207,5.9,2.2
207,5.9,2.2
207,5.9,2.2
207,5.9,2.2
207,5.9,2.2
207,5.9,2.2
207,5.9,2.2
207,5.9,2.2
207,5.9,2.2
207,5.9,2.2
207,5.9,2.2
208,6,2.3
208,6,2.3
208,6,2.3
208,6,2.3
208,6,2.3
208,6,2.3
208,6,2.3
208,6,2.3
208,6,2.3
208,6,2.3
208,6,2.3
208,6,2.3
208,6,2.3
208,6,2.3
208,6,2.3
208,6,2.3
208,6,2.3
208,6,2.3
209,6.2,2.2
209,6.2,2.2
209,6.2,2.2
209,6.2,2.2
209,6.2,2.2
209,6.2,2.2
209,6.2,2.2
209,6.2,2.2
209,6.2,2.2
209,6.2,2.2
209,6.2,2.2
209,6.2,2.2
209,6.2,2.2
209,6.2,2.2
209,6.2,2.2
209,6.2,2.2
209,6.2,2.2
209,6.2,2.2
210,6.1,2.2
210,6.1,2.2
210,6.1,2.2
210,6.1,2.2
210,6.1,2.2
210,6.1,2.2
210,6.1,2.2
210,6.1,2.2
210,6.1,2.2
210,6.1,2.2
210,6.1,2.2
210,6.1,2.2
210,6.1,2.2
210,6.1,2.2
210,6.1,2.2
210,6.1,2.2
210,6.1,2.2
210,6.1,2.2
201,6.4,2.3
201,6.4,2.3
201,6.4,2.3
201,6.4,2.3
201,6.4,2.3
201,6.4,2.3
201,6.4,2.3
201,6.4,2.3
201,6.4,2.3
201,6.4,2.3
201,6.4,2.3
201,6.4,2.3
201,6.4,2.3
201,6.4,2.3
201,6.4,2.3
201,6.4,2.3
201,6.4,2.3
201,6.4,2.3
202,6.1,2.4
202,6.1,2.4
202,6.1,2.4
202,6.1,2.4
202,6.1,2.4
202,6.1,2.4
202,6.1,2.4
202,6.1,2.4
202,6.1,2.4
202,6.1,2.4
202,6.1,2.4
202,6.1,2.4
202,6.1,2.4
202,6.1,2.4
202,6.1,2.4
202,6.1,2.4
202,6.1,2.4
202,6.1,2.4
203,6,2.2
203,6,2.2
203,6,2.2
203,6,2.2
203,6,2.2
203,6,2.2
203,6,2.2
203,6,2.2
203,6,2.2
203,6,2.2
203,6,2.2
203,6,2.2
203,6,2.2
203,6,2.2
203,6,2.2
203,6,2.2
203,6,2.2
203,6,2.2
204,5.9,2.4
204,5.9,2.4
204,5.9,2.4
204,5.9,2.4
204,5.9,2.4
204,5.9,2.4
204,5.9,2.4
204,5.9,2.4
204,5.9,2.4
204,5.9,2.4
204,5.9,2.4
204,5.9,2.4
204,5.9,2.4
204,5.9,2.4
204,5.9,2.4
204,5.9,2.4
204,5.9,2.4
204,5.9,2.4
205,5.9,2.2
205,5.9,2.2
205,5.9,2.2
205,5.9,2.2
205,5.9,2.2
205,5.9,2.2
205,5.9,2.2
205,5.9,2.2
205,5.9,2.2
205,5.9,2.2
205,5.9,2.2
205,5.9,2.2
205,5.9,2.2
205,5.9,2.2
205,5.9,2.2
205,5.9,2.2
205,5.9,2.2
205,5.9,2.2
206,5.8,2.4
206,5.8,2.4
206,5.8,2.4
206,5.8,2.4
206,5.8,2.4
206,5.8,2.4
206,5.8,2.4
206,5.8,2.4
206,5.8,2.4
206,5.8,2.4
206,5.8,2.4
206,5.8,2.4
206,5.8,2.4
206,5.8,2.4
206,5.8,2.4
206,5.8,2.4
206,5.8,2.4
206,5.8,2.4
207,5.7,2.3
207,5.7,2.3
207,5.7,2.3
207,5.7,2.3
207,5.7,2.3
207,5.7,2.3
207,5.7,2.3
207,5.7,2.3
207,5.7,2.3
207,5.7,2.3
207,5.7,2.3
207,5.7,2.3
207,5.7,2.3
207,5.7,2.3
207,5.7,2.3
207,5.7,2.3
207,5.7,2.3
207,5.7,2.3
208,5.8,2.3
208,5.8,2.3
208,5.8,2.3
208,5.8,2.3
208,5.8,2.3
208,5.8,2.3
208,5.8,2.3
208,5.8,2.3
208,5.8,2.3
208,5.8,2.3
208,5.8,2.3
208,5.8,2.3
208,5.8,2.3
208,5.8,2.3
208,5.8,2.3
208,5.8,2.3
208,5.8,2.3
208,5.8,2.3
209,5.7,2.2
209,5.7,2.2
209,5.7,2.2
209,5.7,2.2
209,5.7,2.2
209,5.7,2.2
209,5.7,2.2
209,5.7,2.2
209,5.7,2.2
209,5.7,2.2
209,5.7,2.2
209,5.7,2.2
209,5.7,2.2
209,5.7,2.2
209,5.7,2.2
209,5.7,2.2
209,5.7,2.2
209,5.7,2.2
210,5.7,2.4
210,5.7,2.4
210,5.7,2.4
210,5.7,2.4
210,5.7,2.4
210,5.7,2.4
210,5.7,2.4
210,5.7,2.4
210,5.7,2.4
210,5.7,2.4
210,5.7,2.4
210,5.7,2.4
210,5.7,2.4
210,5.7,2.4
210,5.7,2.4
210,5.7,2.4
210,5.7,2.4
210,5.7,2.4
201,6.3,2.3
201,6.3,2.3
201,6.3,2.3
201,6.3,2.3
201,6.3,2.3
201,6.3,2.3
201,6.3,2.3
201,6.3,2.3
201,6.3,2.3
201,6.3,2.3
201,6.3,2.3
201,6.3,2.3
201,6.3,2.3
201,6.3,2.3
201,6.3,2.3
201,6.3,2.3
201,6.3,2.3
201,6.3,2.3
202,6.3,2.5
202,6.3,2.5
202,6.3,2.5
202,6.3,2.5
202,6.3,2.5
202,6.3,2.5
202,6.3,2.5
202,6.3,2.5
202,6.3,2.5
202,6.3,2.5
202,6.3,2.5
202,6.3,2.5
202,6.3,2.5
202,6.3,2.5
202,6.3,2.5
202,6.3,2.5
202,6.3,2.5
202,6.3,2.5
203,6.2,2.3
203,6.2,2.3
203,6.2,2.3
203,6.2,2.3
203,6.2,2.3
203,6.2,2.3
203,6.2,2.3
203,6.2,2.3
203,6.2,2.3
203,6.2,2.3
203,6.2,2.3
203,6.2,2.3
203,6.2,2.3
203,6.2,2.3
203,6.2,2.3
203,6.2,2.3
203,6.2,2.3
203,6.2,2.3
204,6.2,2.7
204,6.2,2.7
204,6.2,2.7
204,6.2,2.7
204,6.2,2.7
204,6.2,2.7
204,6.2,2.7
204,6.2,2.7
204,6.2,2.7
204,6.2,2.7
204,6.2,2.7
204,6.2,2.7
204,6.2,2.7
204,6.2,2.7
204,6.2,2.7
204,6.2,2.7
204,6.2,2.7
204,6.2,2.7
205,5.9,2.3
205,5.9,2.3
205,5.9,2.3
205,5.9,2.3
205,5.9,2.3
205,5.9,2.3
205,5.9,2.3
205,5.9,2.3
205,5.9,2.3
205,5.9,2.3
205,5.9,2.3
205,5.9,2.3
205,5.9,2.3
205,5.9,2.3
205,5.9,2.3
205,5.9,2.3
205,5.9,2.3
205,5.9,2.3
206,6,2.7
206,6,2.7
206,6,2.7
206,6,2.7
206,6,2.7
206,6,2.7
206,6,2.7
206,6,2.7
206,6,2.7
206,6,2.7
206,6,2.7
206,6,2.7
206,6,2.7
206,6,2.7
206,6,2.7
206,6,2.7
206,6,2.7
206,6,2.7
207,6,2.3
207,6,2.3
207,6,2.3
207,6,2.3
207,6,2.3
207,6,2.3
207,6,2.3
207,6,2.3
207,6,2.3
207,6,2.3
207,6,2.3
207,6,2.3
207,6,2.3
207,6,2.3
207,6,2.3
207,6,2.3
207,6,2.3
207,6,2.3
208,6.1,2.4
208,6.1,2.4
208,6.1,2.4
208,6.1,2.4
208,6.1,2.4
208,6.1,2.4
208,6.1,2.4
208,6.1,2.4
208,6.1,2.4
208,6.1,2.4
208,6.1,2.4
208,6.1,2.4
208,6.1,2.4
208,6.1,2.4
208,6.1,2.4
208,6.1,2.4
208,6.1,2.4
208,6.1,2.4
209,6.1,2.4
209,6.1,2.4
209,6.1,2.4
209,6.1,2.4
209,6.1,2.4
209,6.1,2.4
209,6.1,2.4
209,6.1,2.4
209,6.1,2.4
209,6.1,2.4
209,6.1,2.4
209,6.1,2.4
209,6.1,2.4
209,6.1,2.4
209,6.1,2.4
209,6.1,2.4
209,6.1,2.4
209,6.1,2.4
210,6.2,2.6
210,6.2,2.6
210,6.2,2.6
210,6.2,2.6
210,6.2,2.6
210,6.2,2.6
210,6.2,2.6
210,6.2,2.6
210,6.2,2.6
210,6.2,2.6
210,6.2,2.6
210,6.2,2.6
210,6.2,2.6
210,6.2,2.6
210,6.2,2.6
210,6.2,2.6
210,6.2,2.6
210,6.2,2.6
201,6.2,2.3
201,6.2,2.3
201,6.2,2.3
201,6.2,2.3
201,6.2,2.3
201,6.2,2.3
201,6.2,2.3
201,6.2,2.3
201,6.2,2.3
201,6.2,2.3
201,6.2,2.3
201,6.2,2.3
201,6.2,2.3
201,6.2,2.3
201,6.2,2.3
201,6.2,2.3
201,6.2,2.3
201,6.2,2.3
202,6.2,2.4
202,6.2,2.4
202,6.2,2.4
202,6.2,2.4
202,6.2,2.4
202,6.2,2.4
202,6.2,2.4
202,6.2,2.4
202,6.2,2.4
202,6.2,2.4
202,6.2,2.4
202,6.2,2.4
202,6.2,2.4
202,6.2,2.4
202,6.2,2.4
202,6.2,2.4
202,6.2,2.4
202,6.2,2.4
203,6.2,2.4
203,6.2,2.4
203,6.2,2.4
203,6.2,2.4
203,6.2,2.4
203,6.2,2.4
203,6.2,2.4
203,6.2,2.4
203,6.2,2.4
203,6.2,2.4
203,6.2,2.4
203,6.2,2.4
203,6.2,2.4
203,6.2,2.4
203,6.2,2.4
203,6.2,2.4
203,6.2,2.4
203,6.2,2.4
204,6,2.7
204,6,2.7
204,6,2.7
204,6,2.7
204,6,2.7
204,6,2.7
204,6,2.7
204,6,2.7
204,6,2.7
204,6,2.7
204,6,2.7
204,6,2.7
204,6,2.7
204,6,2.7
204,6,2.7
204,6,2.7
204,6,2.7
204,6,2.7
205,6,2.4
205,6,2.4
205,6,2.4
205,6,2.4
205,6,2.4
205,6,2.4
205,6,2.4
205,6,2.4
205,6,2.4
205,6,2.4
205,6,2.4
205,6,2.4
205,6,2.4
205,6,2.4
205,6,2.4
205,6,2.4
205,6,2.4
205,6,2.4
206,5.9,2.8
206,5.9,2.8
206,5.9,2.8
206,5.9,2.8
206,5.9,2.8
206,5.9,2.8
206,5.9,2.8
206,5.9,2.8
206,5.9,2.8
206,5.9,2.8
206,5.9,2.8
206,5.9,2.8
206,5.9,2.8
206,5.9,2.8
206,5.9,2.8
206,5.9,2.8
206,5.9,2.8
206,5.9,2.8
207,6,2.4
207,6,2.4
207,6,2.4
207,6,2.4
207,6,2.4
207,6,2.4
207,6,2.4
207,6,2.4
207,6,2.4
207,6,2.4
207,6,2.4
207,6,2.4
207,6,2.4
207,6,2.4
207,6,2.4
207,6,2.4
207,6,2.4
207,6,2.4
208,5.9,2.5
208,5.9,2.5
208,5.9,2.5
208,5.9,2.5
208,5.9,2.5
208,5.9,2.5
208,5.9,2.5
208,5.9,2.5
208,5.9,2.5
208,5.9,2.5
208,5.9,2.5
208,5.9,2.5
208,5.9,2.5
208,5.9,2.5
208,5.9,2.5
208,5.9,2.5
208,5.9,2.5
208,5.9,2.5
209,5.9,2.4
209,5.9,2.4
209,5.9,2.4
209,5.9,2.4
209,5.9,2.4
209,5.9,2.4
209,5.9,2.4
209,5.9,2.4
209,5.9,2.4
209,5.9,2.4
209,5.9,2.4
209,5.9,2.4
209,5.9,2.4
209,5.9,2.4
209,5.9,2.4
209,5.9,2.4
209,5.9,2.4
209,5.9,2.4
210,5.9,2.7
210,5.9,2.7
210,5.9,2.7
210,5.9,2.7
210,5.9,2.7
210,5.9,2.7
210,5.9,2.7
210,5.9,2.7
210,5.9,2.7
210,5.9,2.7
210,5.9,2.7
210,5.9,2.7
210,5.9,2.7
210,5.9,2.7
210,5.9,2.7
210,5.9,2.7
210,5.9,2.7
210,5.9,2.7
201,5.9,2.4
201,5.9,2.4
201,5.9,2.4
201,5.9,2.4
201,5.9,2.4
201,5.9,2.4
201,5.9,2.4
201,5.9,2.4
201,5.9,2.4
201,5.9,2.4
201,5.9,2.4
201,5.9,2.4
201,5.9,2.4
201,5.9,2.4
201,5.9,2.4
201,5.9,2.4
201,5.9,2.4
201,5.9,2.4
202,5.9,2.7
202,5.9,2.7
202,5.9,2.7
202,5.9,2.7
202,5.9,2.7
202,5.9,2.7
202,5.9,2.7
202,5.9,2.7
202,5.9,2.7
202,5.9,2.7
202,5.9,2.7
202,5.9,2.7
202,5.9,2.7
202,5.9,2.7
202,5.9,2.7
202,5.9,2.7
202,5.9,2.7
202,5.9,2.7
203,5.9,2.4
203,5.9,2.4
203,5.9,2.4
203,5.9,2.4
203,5.9,2.4
203,5.9,2.4
203,5.9,2.4
203,5.9,2.4
203,5.9,2.4
203,5.9,2.4
203,5.9,2.4
203,5.9,2.4
203,5.9,2.4
203,5.9,2.4
203,5.9,2.4
203,5.9,2.4
203,5.9,2.4
203,5.9,2.4
204,6.1,2.9
204,6.1,2.9
204,6.1,2.9
204,6.1,2.9
204,6.1,2.9
204,6.1,2.9
204,6.1,2.9
204,6.1,2.9
204,6.1,2.9
204,6.1,2.9
204,6.1,2.9
204,6.1,2.9
204,6.1,2.9
204,6.1,2.9
204,6.1,2.9
204,6.1,2.9
204,6.1,2.9
204,6.1,2.9
205,6,2.4
205,6,2.4
205,6,2.4
205,6,2.4
205,6,2.4
205,6,2.4
205,6,2.4
205,6,2.4
205,6,2.4
205,6,2.4
205,6,2.4
205,6,2.4
205,6,2.4
205,6,2.4
205,6,2.4
205,6,2.4
205,6,2.4
205,6,2.4
206,6,2.9
206,6,2.9
206,6,2.9
206,6,2.9
206,6,2.9
206,6,2.9
206,6,2.9
206,6,2.9
206,6,2.9
206,6,2.9
206,6,2.9
206,6,2.9
206,6,2.9
206,6,2.9
206,6,2.9
206,6,2.9
206,6,2.9
206,6,2.9
207,6,2.4
207,6,2.4
207,6,2.4
207,6,2.4
207,6,2.4
207,6,2.4
207,6,2.4
207,6,2.4
207,6,2.4
207,6,2.4
207,6,2.4
207,6,2.4
207,6,2.4
207,6,2.4
207,6,2.4
207,6,2.4
207,6,2.4
207,6,2.4
208,6.1,2.6
208,6.1,2.6
208,6.1,2.6
208,6.1,2.6
208,6.1,2.6
208,6.1,2.6
208,6.1,2.6
208,6.1,2.6
208,6.1,2.6
208,6.1,2.6
208,6.1,2.6
208,6.1,2.6
208,6.1,2.6
208,6.1,2.6
208,6.1,2.6
208,6.1,2.6
208,6.1,2.6
208,6.1,2.6
209,5.9,2.5
209,5.9,2.5
209,5.9,2.5
209,5.9,2.5
209,5.9,2.5
209,5.9,2.5
209,5.9,2.5
209,5.9,2.5
209,5.9,2.5
209,5.9,2.5
209,5.9,2.5
209,5.9,2.5
209,5.9,2.5
209,5.9,2.5
209,5.9,2.5
209,5.9,2.5
209,5.9,2.5
209,5.9,2.5
210,5.9,2.8
210,5.9,2.8
210,5.9,2.8
210,5.9,2.8
210,5.9,2.8
210,5.9,2.8
210,5.9,2.8
210,5.9,2.8
210,5.9,2.8
210,5.9,2.8
210,5.9,2.8
210,5.9,2.8
210,5.9,2.8
210,5.9,2.8
210,5.9,2.8
210,5.9,2.8
210,5.9,2.8
210,5.9,2.8
201,5.9,2.4
201,5.9,2.4
201,5.9,2.4
201,5.9,2.4
201,5.9,2.4
201,5.9,2.4
201,5.9,2.4
201,5.9,2.4
201,5.9,2.4
201,5.9,2.4
201,5.9,2.4
201,5.9,2.4
201,5.9,2.4
201,5.9,2.4
201,5.9,2.4
201,5.9,2.4
201,5.9,2.4
201,5.9,2.4
202,5.9,2.8
202,5.9,2.8
202,5.9,2.8
202,5.9,2.8
202,5.9,2.8
202,5.9,2.8
202,5.9,2.8
202,5.9,2.8
202,5.9,2.8
202,5.9,2.8
202,5.9,2.8
202,5.9,2.8
202,5.9,2.8
202,5.9,2.8
202,5.9,2.8
202,5.9,2.8
202,5.9,2.8
202,5.9,2.8
203,5.9,2.4
203,5.9,2.4
203,5.9,2.4
203,5.9,2.4
203,5.9,2.4
203,5.9,2.4
203,5.9,2.4
203,5.9,2.4
203,5.9,2.4
203,5.9,2.4
203,5.9,2.4
203,5.9,2.4
203,5.9,2.4
203,5.9,2.4
203,5.9,2.4
203,5.9,2.4
203,5.9,2.4
203,5.9,2.4
204,6.1,2.7
204,6.1,2.7
204,6.1,2.7
204,6.1,2.7
204,6.1,2.7
204,6.1,2.7
204,6.1,2.7
204,6.1,2.7
204,6.1,2.7
204,6.1,2.7
204,6.1,2.7
204,6.1,2.7
204,6.1,2.7
204,6.1,2.7
204,6.1,2.7
204,6.1,2.7
204,6.1,2.7
204,6.1,2.7
205,6,2.4
205,6,2.4
205,6,2.4
205,6,2.4
205,6,2.4
205,6,2.4
205,6,2.4
205,6,2.4
205,6,2.4
205,6,2.4
205,6,2.4
205,6,2.4
205,6,2.4
205,6,2.4
205,6,2.4
205,6,2.4
205,6,2.4
205,6,2.4
206,6,2.8
206,6,2.8
206,6,2.8
206,6,2.8
206,6,2.8
206,6,2.8
206,6,2.8
206,6,2.8
206,6,2.8
206,6,2.8
206,6,2.8
206,6,2.8
206,6,2.8
206,6,2.8
206,6,2.8
206,6,2.8
206,6,2.8
206,6,2.8
207,6,2.4
207,6,2.4
207,6,2.4
207,6,2.4
207,6,2.4
207,6,2.4
207,6,2.4
207,6,2.4
207,6,2.4
207,6,2.4
207,6,2.4
207,6,2.4
207,6,2.4
207,6,2.4
207,6,2.4
207,6,2.4
207,6,2.4
207,6,2.4
208,5.9,2.5
208,5.9,2.5
208,5.9,2.5
208,5.9,2.5
208,5.9,2.5
208,5.9,2.5
208,5.9,2.5
208,5.9,2.5
208,5.9,2.5
208,5.9,2.5
208,5.9,2.5
208,5.9,2.5
208,5.9,2.5
208,5.9,2.5
208,5.9,2.5
208,5.9,2.5
208,5.9,2.5
208,5.9,2.5
209,6,2.5
209,6,2.5
209,6,2.5
209,6,2.5
209,6,2.5
209,6,2.5
209,6,2.5
209,6,2.5
209,6,2.5
209,6,2.5
209,6,2.5
209,6,2.5
209,6,2.5
209,6,2.5
209,6,2.5
209,6,2.5
209,6,2.5
209,6,2.5
210,5.9,2.7
210,5.9,2.7
210,5.9,2.7
210,5.9,2.7
210,5.9,2.7
210,5.9,2.7
210,5.9,2.7
210,5.9,2.7
210,5.9,2.7
210,5.9,2.7
210,5.9,2.7
210,5.9,2.7
210,5.9,2.7
210,5.9,2.7
210,5.9,2.7
210,5.9,2.7
210,5.9,2.7
210,5.9,2.7
201,5.9,2.6
201,5.9,2.6
201,5.9,2.6
201,5.9,2.6
201,5.9,2.6
201,5.9,2.6
201,5.9,2.6
201,5.9,2.6
201,5.9,2.6
201,5.9,2.6
201,5.9,2.6
201,5.9,2.6
201,5.9,2.6
201,5.9,2.6
201,5.9,2.6
201,5.9,2.6
201,5.9,2.6
201,5.9,2.6
202,6,3.4
202,6,3.4
202,6,3.4
202,6,3.4
202,6,3.4
202,6,3.4
202,6,3.4
202,6,3.4
202,6,3.4
202,6,3.4
202,6,3.4
202,6,3.4
202,6,3.4
202,6,3.4
202,6,3.4
202,6,3.4
202,6,3.4
202,6,3.4
203,6,2.8
203,6,2.8
203,6,2.8
203,6,2.8
203,6,2.8
203,6,2.8
203,6,2.8
203,6,2.8
203,6,2.8
203,6,2.8
203,6,2.8
203,6,2.8
203,6,2.8
203,6,2.8
203,6,2.8
203,6,2.8
203,6,2.8
203,6,2.8
204,6.2,2.8
204,6.2,2.8
204,6.2,2.8
204,6.2,2.8
204,6.2,2.8
204,6.2,2.8
204,6.2,2.8
204,6.2,2.8
204,6.2,2.8
204,6.2,2.8
204,6.2,2.8
204,6.2,2.8
204,6.2,2.8
204,6.2,2.8
204,6.2,2.8
204,6.2,2.8
204,6.2,2.8
204,6.2,2.8
205,6,3.7
205,6,3.7
205,6,3.7
205,6,3.7
205,6,3.7
205,6,3.7
205,6,3.7
205,6,3.7
205,6,3.7
205,6,3.7
205,6,3.7
205,6,3.7
205,6,3.7
205,6,3.7
205,6,3.7
205,6,3.7
205,6,3.7
205,6,3.7
206,6.1,2.8
206,6.1,2.8
206,6.1,2.8
206,6.1,2.8
206,6.1,2.8
206,6.1,2.8
206,6.1,2.8
206,6.1,2.8
206,6.1,2.8
206,6.1,2.8
206,6.1,2.8
206,6.1,2.8
206,6.1,2.8
206,6.1,2.8
206,6.1,2.8
206,6.1,2.8
206,6.1,2.8
206,6.1,2.8
207,6,3.1
207,6,3.1
207,6,3.1
207,6,3.1
207,6,3.1
207,6,3.1
207,6,3.1
207,6,3.1
207,6,3.1
207,6,3.1
207,6,3.1
207,6,3.1
207,6,3.1
207,6,3.1
207,6,3.1
207,6,3.1
207,6,3.1
207,6,3.1
208,6,2.9
208,6,2.9
208,6,2.9
208,6,2.9
208,6,2.9
208,6,2.9
208,6,2.9
208,6,2.9
208,6,2.9
208,6,2.9
208,6,2.9
208,6,2.9
208,6,2.9
208,6,2.9
208,6,2.9
208,6,2.9
208,6,2.9
208,6,2.9
209,5.9,2.9
209,5.9,2.9
209,5.9,2.9
209,5.9,2.9
209,5.9,2.9
209,5.9,2.9
209,5.9,2.9
209,5.9,2.9
209,5.9,2.9
209,5.9,2.9
209,5.9,2.9
209,5.9,2.9
209,5.9,2.9
209,5.9,2.9
209,5.9,2.9
209,5.9,2.9
209,5.9,2.9
209,5.9,2.9
210,5.9,3.5
210,5.9,3.5
210,5.9,3.5
210,5.9,3.5
210,5.9,3.5
210,5.9,3.5
210,5.9,3.5
210,5.9,3.5
210,5.9,3.5
210,5.9,3.5
210,5.9,3.5
210,5.9,3.5
210,5.9,3.5
210,5.9,3.5
210,5.9,3.5
210,5.9,3.5
210,5.9,3.5
210,5.9,3.5
201,5.9,2.7
201,5.9,2.7
201,5.9,2.7
201,5.9,2.7
201,5.9,2.7
201,5.9,2.7
201,5.9,2.7
201,5.9,2.7
201,5.9,2.7
201,5.9,2.7
201,5.9,2.7
201,5.9,2.7
201,5.9,2.7
201,5.9,2.7
201,5.9,2.7
201,5.9,2.7
201,5.9,2.7
201,5.9,2.7
202,5.8,3.3
202,5.8,3.3
202,5.8,3.3
202,5.8,3.3
202,5.8,3.3
202,5.8,3.3
202,5.8,3.3
202,5.8,3.3
202,5.8,3.3
202,5.8,3.3
202,5.8,3.3
202,5.8,3.3
202,5.8,3.3
202,5.8,3.3
202,5.8,3.3
202,5.8,3.3
202,5.8,3.3
202,5.8,3.3
203,6.1,2.8
203,6.1,2.8
203,6.1,2.8
203,6.1,2.8
203,6.1,2.8
203,6.1,2.8
203,6.1,2.8
203,6.1,2.8
203,6.1,2.8
203,6.1,2.8
203,6.1,2.8
203,6.1,2.8
203,6.1,2.8
203,6.1,2.8
203,6.1,2.8
203,6.1,2.8
203,6.1,2.8
203,6.1,2.8
204,6,2.5
204,6,2.5
204,6,2.5
204,6,2.5
204,6,2.5
204,6,2.5
204,6,2.5
204,6,2.5
204,6,2.5
204,6,2.5
204,6,2.5
204,6,2.5
204,6,2.5
204,6,2.5
204,6,2.5
204,6,2.5
204,6,2.5
204,6,2.5
205,6,2.8
205,6,2.8
205,6,2.8
205,6,2.8
205,6,2.8
205,6,2.8
205,6,2.8
205,6,2.8
205,6,2.8
205,6,2.8
205,6,2.8
205,6,2.8
205,6,2.8
205,6,2.8
205,6,2.8
205,6,2.8
205,6,2.8
205,6,2.8
206,5.9,3.4
206,5.9,3.4
206,5.9,3.4
206,5.9,3.4
206,5.9,3.4
206,5.9,3.4
206,5.9,3.4
206,5.9,3.4
206,5.9,3.4
206,5.9,3.4
206,5.9,3.4
206,5.9,3.4
206,5.9,3.4
206,5.9,3.4
206,5.9,3.4
206,5.9,3.4
206,5.9,3.4
206,5.9,3.4
207,5.9,2.9
207,5.9,2.9
207,5.9,2.9
207,5.9,2.9
207,5.9,2.9
207,5.9,2.9
207,5.9,2.9
207,5.9,2.9
207,5.9,2.9
207,5.9,2.9
207,5.9,2.9
207,5.9,2.9
207,5.9,2.9
207,5.9,2.9
207,5.9,2.9
207,5.9,2.9
207,5.9,2.9
207,5.9,2.9
208,5.8,3
208,5.8,3
208,5.8,3
208,5.8,3
208,5.8,3
208,5.8,3
208,5.8,3
208,5.8,3
208,5.8,3
208,5.8,3
208,5.8,3
208,5.8,3
208,5.8,3
208,5.8,3
208,5.8,3
208,5.8,3
208,5.8,3
208,5.8,3
209,5.8,2.9
209,5.8,2.9
209,5.8,2.9
209,5.8,2.9
209,5.8,2.9
209,5.8,2.9
209,5.8,2.9
209,5.8,2.9
209,5.8,2.9
209,5.8,2.9
209,5.8,2.9
209,5.8,2.9
209,5.8,2.9
209,5.8,2.9
209,5.8,2.9
209,5.8,2.9
209,5.8,2.9
209,5.8,2.9
210,5.8,3.3
210,5.8,3.3
210,5.8,3.3
210,5.8,3.3
210,5.8,3.3
210,5.8,3.3
210,5.8,3.3
210,5.8,3.3
210,5.8,3.3
210,5.8,3.3
210,5.8,3.3
210,5.8,3.3
210,5.8,3.3
210,5.8,3.3
210,5.8,3.3
210,5.8,3.3
210,5.8,3.3
210,5.8,3.3
201,5.9,2.9
201,5.9,2.9
201,5.9,2.9
201,5.9,2.9
201,5.9,2.9
201,5.9,2.9
201,5.9,2.9
201,5.9,2.9
201,5.9,2.9
201,5.9,2.9
201,5.9,2.9
201,5.9,2.9
201,5.9,2.9
201,5.9,2.9
201,5.9,2.9
201,5.9,2.9
201,5.9,2.9
201,5.9,2.9
202,5.9,3.8
202,5.9,3.8
202,5.9,3.8
202,5.9,3.8
202,5.9,3.8
202,5.9,3.8
202,5.9,3.8
202,5.9,3.8
202,5.9,3.8
202,5.9,3.8
202,5.9,3.8
202,5.9,3.8
202,5.9,3.8
202,5.9,3.8
202,5.9,3.8
202,5.9,3.8
202,5.9,3.8
202,5.9,3.8
203,5.9,3
203,5.9,3
203,5.9,3
203,5.9,3
203,5.9,3
203,5.9,3
203,5.9,3
203,5.9,3
203,5.9,3
203,5.9,3
203,5.9,3
203,5.9,3
203,5.9,3
203,5.9,3
203,5.9,3
203,5.9,3
203,5.9,3
203,5.9,3
204,5.9,2.9
204,5.9,2.9
204,5.9,2.9
204,5.9,2.9
204,5.9,2.9
204,5.9,2.9
204,5.9,2.9
204,5.9,2.9
204,5.9,2.9
204,5.9,2.9
204,5.9,2.9
204,5.9,2.9
204,5.9,2.9
204,5.9,2.9
204,5.9,2.9
204,5.9,2.9
204,5.9,2.9
204,5.9,2.9
205,5.9,3
205,5.9,3
205,5.9,3
205,5.9,3
205,5.9,3
205,5.9,3
205,5.9,3
205,5.9,3
205,5.9,3
205,5.9,3
205,5.9,3
205,5.9,3
205,5.9,3
205,5.9,3
205,5.9,3
205,5.9,3
205,5.9,3
205,5.9,3
206,5.9,2.9
206,5.9,2.9
206,5.9,2.9
206,5.9,2.9
206,5.9,2.9
206,5.9,2.9
206,5.9,2.9
206,5.9,2.9
206,5.9,2.9
206,5.9,2.9
206,5.9,2.9
206,5.9,2.9
206,5.9,2.9
206,5.9,2.9
206,5.9,2.9
206,5.9,2.9
206,5.9,2.9
206,5.9,2.9
207,5.9,3
207,5.9,3
207,5.9,3
207,5.9,3
207,5.9,3
207,5.9,3
207,5.9,3
207,5.9,3
207,5.9,3
207,5.9,3
207,5.9,3
207,5.9,3
207,5.9,3
207,5.9,3
207,5.9,3
207,5.9,3
207,5.9,3
207,5.9,3
208,5.9,3
208,5.9,3
208,5.9,3
208,5.9,3
208,5.9,3
208,5.9,3
208,5.9,3
208,5.9,3
208,5.9,3
208,5.9,3
208,5.9,3
208,5.9,3
208,5.9,3
208,5.9,3
208,5.9,3
208,5.9,3
208,5.9,3
208,5.9,3
209,5.8,3.2
209,5.8,3.2
209,5.8,3.2
209,5.8,3.2
209,5.8,3.2
209,5.8,3.2
209,5.8,3.2
209,5.8,3.2
209,5.8,3.2
209,5.8,3.2
209,5.8,3.2
209,5.8,3.2
209,5.8,3.2
209,5.8,3.2
209,5.8,3.2
209,5.8,3.2
209,5.8,3.2
209,5.8,3.2
210,5.9,3.7
210,5.9,3.7
210,5.9,3.7
210,5.9,3.7
210,5.9,3.7
210,5.9,3.7
210,5.9,3.7
210,5.9,3.7
210,5.9,3.7
210,5.9,3.7
210,5.9,3.7
210,5.9,3.7
210,5.9,3.7
210,5.9,3.7
210,5.9,3.7
210,5.9,3.7
210,5.9,3.7
210,5.9,3.7
